PriceList,Catalog,GradeGroup,Price
UFMX 1711E V5,30024-01,10,620
UFMX 1711E V5,30024-01,20,660
UFMX 1711E V5,30024-01,30,690
UFMX 1711E V5,30024-01,40,720
UFMX 1711E V5,30024-01,50,770
UFMX 1711E V5,30024-01,60,820
UFMX 1711E V5,30024-01,70,870
UFMX 1711E V5,30024-01,F,1470.0
UFMX 1711E V5,30024-01,I,1620.0
UFMX 1711E V5,30024-01,41,nan
UFMX 1711E V5,30024-01,42,nan
UFMX 1711E V5,30024-02,10,325
UFMX 1711E V5,30024-02,20,345
UFMX 1711E V5,30024-02,30,360
UFMX 1711E V5,30024-02,40,380
UFMX 1711E V5,30024-02,50,400
UFMX 1711E V5,30024-02,60,420
UFMX 1711E V5,30024-02,70,440
UFMX 1711E V5,30024-02,F,750.0
UFMX 1711E V5,30024-02,I,825.0
UFMX 1711E V5,30024-02,41,nan
UFMX 1711E V5,30024-02,42,nan
UFMX 1711E V5,30024-03,10,525
UFMX 1711E V5,30024-03,20,565
UFMX 1711E V5,30024-03,30,595
UFMX 1711E V5,30024-03,40,625
UFMX 1711E V5,30024-03,50,675
UFMX 1711E V5,30024-03,60,725
UFMX 1711E V5,30024-03,70,775
UFMX 1711E V5,30024-03,F,1375.0
UFMX 1711E V5,30024-03,I,1525.0
UFMX 1711E V5,30024-03,41,nan
UFMX 1711E V5,30024-03,42,nan
UFMX 1711E V5,30024-07,10,460
UFMX 1711E V5,30024-07,20,500
UFMX 1711E V5,30024-07,30,530
UFMX 1711E V5,30024-07,40,560
UFMX 1711E V5,30024-07,50,610
UFMX 1711E V5,30024-07,60,660
UFMX 1711E V5,30024-07,70,710
UFMX 1711E V5,30024-07,F,1310.0
UFMX 1711E V5,30024-07,I,1460.0
UFMX 1711E V5,30024-07,41,nan
UFMX 1711E V5,30024-07,42,nan
UFMX 1711E V5,30024-08,10,460
UFMX 1711E V5,30024-08,20,500
UFMX 1711E V5,30024-08,30,530
UFMX 1711E V5,30024-08,40,560
UFMX 1711E V5,30024-08,50,610
UFMX 1711E V5,30024-08,60,660
UFMX 1711E V5,30024-08,70,710
UFMX 1711E V5,30024-08,F,1310.0
UFMX 1711E V5,30024-08,I,1460.0
UFMX 1711E V5,30024-08,41,nan
UFMX 1711E V5,30024-08,42,nan
UFMX 1711E V5,30024-10,10,225
UFMX 1711E V5,30024-10,20,245
UFMX 1711E V5,30024-10,30,260
UFMX 1711E V5,30024-10,40,280
UFMX 1711E V5,30024-10,50,300
UFMX 1711E V5,30024-10,60,320
UFMX 1711E V5,30024-10,70,340
UFMX 1711E V5,30024-10,F,565.0
UFMX 1711E V5,30024-10,I,625.0
UFMX 1711E V5,30024-10,41,nan
UFMX 1711E V5,30024-10,42,nan
UFMX 1711E V5,30024-14,10,300
UFMX 1711E V5,30024-14,20,320
UFMX 1711E V5,30024-14,30,335
UFMX 1711E V5,30024-14,40,350
UFMX 1711E V5,30024-14,50,370
UFMX 1711E V5,30024-14,60,390
UFMX 1711E V5,30024-14,70,410
UFMX 1711E V5,30024-14,F,980.0
UFMX 1711E V5,30024-14,I,1100.0
UFMX 1711E V5,30024-14,41,nan
UFMX 1711E V5,30024-14,42,nan
UFMX 1711E V5,30024-15,10,475
UFMX 1711E V5,30024-15,20,515
UFMX 1711E V5,30024-15,30,545
UFMX 1711E V5,30024-15,40,575
UFMX 1711E V5,30024-15,50,625
UFMX 1711E V5,30024-15,60,675
UFMX 1711E V5,30024-15,70,725
UFMX 1711E V5,30024-15,F,1325.0
UFMX 1711E V5,30024-15,I,1475.0
UFMX 1711E V5,30024-15,41,nan
UFMX 1711E V5,30024-15,42,nan
UFMX 1711E V5,30024-16,10,475
UFMX 1711E V5,30024-16,20,515
UFMX 1711E V5,30024-16,30,545
UFMX 1711E V5,30024-16,40,575
UFMX 1711E V5,30024-16,50,625
UFMX 1711E V5,30024-16,60,675
UFMX 1711E V5,30024-16,70,725
UFMX 1711E V5,30024-16,F,1325.0
UFMX 1711E V5,30024-16,I,1475.0
UFMX 1711E V5,30024-16,41,nan
UFMX 1711E V5,30024-16,42,nan
UFMX 1711E V5,30024-21,10,750
UFMX 1711E V5,30024-21,20,790
UFMX 1711E V5,30024-21,30,820
UFMX 1711E V5,30024-21,40,850
UFMX 1711E V5,30024-21,50,900
UFMX 1711E V5,30024-21,60,950
UFMX 1711E V5,30024-21,70,1000
UFMX 1711E V5,30024-21,F,1600.0
UFMX 1711E V5,30024-21,I,1750.0
UFMX 1711E V5,30024-21,41,nan
UFMX 1711E V5,30024-21,42,nan
UFMX 1711E V5,30024-30,10,370
UFMX 1711E V5,30024-30,20,390
UFMX 1711E V5,30024-30,30,405
UFMX 1711E V5,30024-30,40,420
UFMX 1711E V5,30024-30,50,440
UFMX 1711E V5,30024-30,60,460
UFMX 1711E V5,30024-30,70,480
UFMX 1711E V5,30024-30,F,795.0
UFMX 1711E V5,30024-30,I,870.0
UFMX 1711E V5,30024-30,41,nan
UFMX 1711E V5,30024-30,42,nan
UFMX 1711E V5,30024-86,10,670
UFMX 1711E V5,30024-86,20,710
UFMX 1711E V5,30024-86,30,740
UFMX 1711E V5,30024-86,40,770
UFMX 1711E V5,30024-86,50,820
UFMX 1711E V5,30024-86,60,870
UFMX 1711E V5,30024-86,70,920
UFMX 1711E V5,30024-86,F,1520.0
UFMX 1711E V5,30024-86,I,1670.0
UFMX 1711E V5,30024-86,41,nan
UFMX 1711E V5,30024-86,42,nan
UFMX 1711E V5,30024-87,10,670
UFMX 1711E V5,30024-87,20,710
UFMX 1711E V5,30024-87,30,740
UFMX 1711E V5,30024-87,40,770
UFMX 1711E V5,30024-87,50,820
UFMX 1711E V5,30024-87,60,870
UFMX 1711E V5,30024-87,70,920
UFMX 1711E V5,30024-87,F,1520.0
UFMX 1711E V5,30024-87,I,1670.0
UFMX 1711E V5,30024-87,41,nan
UFMX 1711E V5,30024-87,42,nan
UFMX 1711E V5,30024-91,10,600
UFMX 1711E V5,30024-91,20,640
UFMX 1711E V5,30024-91,30,670
UFMX 1711E V5,30024-91,40,700
UFMX 1711E V5,30024-91,50,750
UFMX 1711E V5,30024-91,60,800
UFMX 1711E V5,30024-91,70,850
UFMX 1711E V5,30024-91,F,1450.0
UFMX 1711E V5,30024-91,I,1600.0
UFMX 1711E V5,30024-91,41,nan
UFMX 1711E V5,30024-91,42,nan
UFMX 1711E V5,30024-93,10,290
UFMX 1711E V5,30024-93,20,310
UFMX 1711E V5,30024-93,30,325
UFMX 1711E V5,30024-93,40,345
UFMX 1711E V5,30024-93,50,365
UFMX 1711E V5,30024-93,60,385
UFMX 1711E V5,30024-93,70,405
UFMX 1711E V5,30024-93,F,565.0
UFMX 1711E V5,30024-93,I,625.0
UFMX 1711E V5,30024-93,41,345.0
UFMX 1711E V5,30024-93,42,365.0
UFMX 1711E V5,30024-94,10,315
UFMX 1711E V5,30024-94,20,335
UFMX 1711E V5,30024-94,30,350
UFMX 1711E V5,30024-94,40,370
UFMX 1711E V5,30024-94,50,390
UFMX 1711E V5,30024-94,60,410
UFMX 1711E V5,30024-94,70,430
UFMX 1711E V5,30024-94,F,590.0
UFMX 1711E V5,30024-94,I,650.0
UFMX 1711E V5,30024-94,41,370.0
UFMX 1711E V5,30024-94,42,390.0
UFMX 1711E V5,30095-01,10,850
UFMX 1711E V5,30095-01,20,890
UFMX 1711E V5,30095-01,30,920
UFMX 1711E V5,30095-01,40,950
UFMX 1711E V5,30095-01,50,1000
UFMX 1711E V5,30095-01,60,1050
UFMX 1711E V5,30095-01,70,1100
UFMX 1711E V5,30095-01,F,1700.0
UFMX 1711E V5,30095-01,I,1850.0
UFMX 1711E V5,30095-01,41,nan
UFMX 1711E V5,30095-01,42,nan
UFMX 1711E V5,30095-02,10,400
UFMX 1711E V5,30095-02,20,420
UFMX 1711E V5,30095-02,30,435
UFMX 1711E V5,30095-02,40,455
UFMX 1711E V5,30095-02,50,475
UFMX 1711E V5,30095-02,60,495
UFMX 1711E V5,30095-02,70,515
UFMX 1711E V5,30095-02,F,825.0
UFMX 1711E V5,30095-02,I,900.0
UFMX 1711E V5,30095-02,41,nan
UFMX 1711E V5,30095-02,42,nan
UFMX 1711E V5,30095-03,10,800
UFMX 1711E V5,30095-03,20,840
UFMX 1711E V5,30095-03,30,870
UFMX 1711E V5,30095-03,40,900
UFMX 1711E V5,30095-03,50,950
UFMX 1711E V5,30095-03,60,1000
UFMX 1711E V5,30095-03,70,1050
UFMX 1711E V5,30095-03,F,1650.0
UFMX 1711E V5,30095-03,I,1800.0
UFMX 1711E V5,30095-03,41,nan
UFMX 1711E V5,30095-03,42,nan
UFMX 1711E V5,30095-04,10,275
UFMX 1711E V5,30095-04,20,295
UFMX 1711E V5,30095-04,30,310
UFMX 1711E V5,30095-04,40,330
UFMX 1711E V5,30095-04,50,350
UFMX 1711E V5,30095-04,60,370
UFMX 1711E V5,30095-04,70,390
UFMX 1711E V5,30095-04,F,615.0
UFMX 1711E V5,30095-04,I,675.0
UFMX 1711E V5,30095-04,41,nan
UFMX 1711E V5,30095-04,42,nan
UFMX 1711E V5,30095-07,10,750
UFMX 1711E V5,30095-07,20,790
UFMX 1711E V5,30095-07,30,820
UFMX 1711E V5,30095-07,40,850
UFMX 1711E V5,30095-07,50,900
UFMX 1711E V5,30095-07,60,950
UFMX 1711E V5,30095-07,70,1000
UFMX 1711E V5,30095-07,F,1600.0
UFMX 1711E V5,30095-07,I,1750.0
UFMX 1711E V5,30095-07,41,nan
UFMX 1711E V5,30095-07,42,nan
UFMX 1711E V5,30095-08,10,750
UFMX 1711E V5,30095-08,20,790
UFMX 1711E V5,30095-08,30,820
UFMX 1711E V5,30095-08,40,850
UFMX 1711E V5,30095-08,50,900
UFMX 1711E V5,30095-08,60,950
UFMX 1711E V5,30095-08,70,1000
UFMX 1711E V5,30095-08,F,1600.0
UFMX 1711E V5,30095-08,I,1750.0
UFMX 1711E V5,30095-08,41,nan
UFMX 1711E V5,30095-08,42,nan
UFMX 1711E V5,30095-15,10,750
UFMX 1711E V5,30095-15,20,790
UFMX 1711E V5,30095-15,30,820
UFMX 1711E V5,30095-15,40,850
UFMX 1711E V5,30095-15,50,900
UFMX 1711E V5,30095-15,60,950
UFMX 1711E V5,30095-15,70,1000
UFMX 1711E V5,30095-15,F,1600.0
UFMX 1711E V5,30095-15,I,1750.0
UFMX 1711E V5,30095-15,41,nan
UFMX 1711E V5,30095-15,42,nan
UFMX 1711E V5,30095-16,10,750
UFMX 1711E V5,30095-16,20,790
UFMX 1711E V5,30095-16,30,820
UFMX 1711E V5,30095-16,40,850
UFMX 1711E V5,30095-16,50,900
UFMX 1711E V5,30095-16,60,950
UFMX 1711E V5,30095-16,70,1000
UFMX 1711E V5,30095-16,F,1600.0
UFMX 1711E V5,30095-16,I,1750.0
UFMX 1711E V5,30095-16,41,nan
UFMX 1711E V5,30095-16,42,nan
UFMX 1711E V5,30095-17,10,775
UFMX 1711E V5,30095-17,20,815
UFMX 1711E V5,30095-17,30,845
UFMX 1711E V5,30095-17,40,875
UFMX 1711E V5,30095-17,50,925
UFMX 1711E V5,30095-17,60,975
UFMX 1711E V5,30095-17,70,1025
UFMX 1711E V5,30095-17,F,1625.0
UFMX 1711E V5,30095-17,I,1775.0
UFMX 1711E V5,30095-17,41,nan
UFMX 1711E V5,30095-17,42,nan
UFMX 1711E V5,30095-18,10,775
UFMX 1711E V5,30095-18,20,815
UFMX 1711E V5,30095-18,30,845
UFMX 1711E V5,30095-18,40,875
UFMX 1711E V5,30095-18,50,925
UFMX 1711E V5,30095-18,60,975
UFMX 1711E V5,30095-18,70,1025
UFMX 1711E V5,30095-18,F,1625.0
UFMX 1711E V5,30095-18,I,1775.0
UFMX 1711E V5,30095-18,41,nan
UFMX 1711E V5,30095-18,42,nan
UFMX 1711E V5,30095-24,10,310
UFMX 1711E V5,30095-24,20,330
UFMX 1711E V5,30095-24,30,345
UFMX 1711E V5,30095-24,40,365
UFMX 1711E V5,30095-24,50,385
UFMX 1711E V5,30095-24,60,405
UFMX 1711E V5,30095-24,70,425
UFMX 1711E V5,30095-24,F,650.0
UFMX 1711E V5,30095-24,I,710.0
UFMX 1711E V5,30095-24,41,nan
UFMX 1711E V5,30095-24,42,nan
UFMX 1711E V5,30095-86,10,925
UFMX 1711E V5,30095-86,20,965
UFMX 1711E V5,30095-86,30,995
UFMX 1711E V5,30095-86,40,1025
UFMX 1711E V5,30095-86,50,1075
UFMX 1711E V5,30095-86,60,1125
UFMX 1711E V5,30095-86,70,1175
UFMX 1711E V5,30095-86,F,1775.0
UFMX 1711E V5,30095-86,I,1925.0
UFMX 1711E V5,30095-86,41,nan
UFMX 1711E V5,30095-86,42,nan
UFMX 1711E V5,30095-87,10,925
UFMX 1711E V5,30095-87,20,965
UFMX 1711E V5,30095-87,30,995
UFMX 1711E V5,30095-87,40,1025
UFMX 1711E V5,30095-87,50,1075
UFMX 1711E V5,30095-87,60,1125
UFMX 1711E V5,30095-87,70,1175
UFMX 1711E V5,30095-87,F,1775.0
UFMX 1711E V5,30095-87,I,1925.0
UFMX 1711E V5,30095-87,41,nan
UFMX 1711E V5,30095-87,42,nan
UFMX 1711E V5,30095-91,10,825
UFMX 1711E V5,30095-91,20,865
UFMX 1711E V5,30095-91,30,895
UFMX 1711E V5,30095-91,40,925
UFMX 1711E V5,30095-91,50,975
UFMX 1711E V5,30095-91,60,1025
UFMX 1711E V5,30095-91,70,1075
UFMX 1711E V5,30095-91,F,1675.0
UFMX 1711E V5,30095-91,I,1825.0
UFMX 1711E V5,30095-91,41,nan
UFMX 1711E V5,30095-91,42,nan
UFMX 1711E V5,30095-96,10,775
UFMX 1711E V5,30095-96,20,815
UFMX 1711E V5,30095-96,30,845
UFMX 1711E V5,30095-96,40,875
UFMX 1711E V5,30095-96,50,925
UFMX 1711E V5,30095-96,60,975
UFMX 1711E V5,30095-96,70,1025
UFMX 1711E V5,30095-96,F,1625.0
UFMX 1711E V5,30095-96,I,1775.0
UFMX 1711E V5,30095-96,41,nan
UFMX 1711E V5,30095-96,42,nan
UFMX 1711E V5,30095-97,10,775
UFMX 1711E V5,30095-97,20,815
UFMX 1711E V5,30095-97,30,845
UFMX 1711E V5,30095-97,40,875
UFMX 1711E V5,30095-97,50,925
UFMX 1711E V5,30095-97,60,975
UFMX 1711E V5,30095-97,70,1025
UFMX 1711E V5,30095-97,F,1625.0
UFMX 1711E V5,30095-97,I,1775.0
UFMX 1711E V5,30095-97,41,nan
UFMX 1711E V5,30095-97,42,nan
UFMX 1711E V5,30095-S3,10,950
UFMX 1711E V5,30095-S3,20,990
UFMX 1711E V5,30095-S3,30,1020
UFMX 1711E V5,30095-S3,40,1050
UFMX 1711E V5,30095-S3,50,1100
UFMX 1711E V5,30095-S3,60,1150
UFMX 1711E V5,30095-S3,70,1200
UFMX 1711E V5,30095-S3,F,1800.0
UFMX 1711E V5,30095-S3,I,1950.0
UFMX 1711E V5,30095-S3,41,nan
UFMX 1711E V5,30095-S3,42,nan
UFMX 1711E V5,30095-01,10,950
UFMX 1711E V5,30095-01,20,990
UFMX 1711E V5,30095-01,30,1020
UFMX 1711E V5,30095-01,40,1050
UFMX 1711E V5,30095-01,50,1100
UFMX 1711E V5,30095-01,60,1150
UFMX 1711E V5,30095-01,70,1200
UFMX 1711E V5,30095-01,F,1800.0
UFMX 1711E V5,30095-01,I,1950.0
UFMX 1711E V5,30095-01,41,nan
UFMX 1711E V5,30095-01,42,nan
UFMX 1711E V5,30095-02,10,500
UFMX 1711E V5,30095-02,20,520
UFMX 1711E V5,30095-02,30,535
UFMX 1711E V5,30095-02,40,555
UFMX 1711E V5,30095-02,50,575
UFMX 1711E V5,30095-02,60,595
UFMX 1711E V5,30095-02,70,615
UFMX 1711E V5,30095-02,F,925.0
UFMX 1711E V5,30095-02,I,1000.0
UFMX 1711E V5,30095-02,41,nan
UFMX 1711E V5,30095-02,42,nan
UFMX 1711E V5,30095-03,10,900
UFMX 1711E V5,30095-03,20,940
UFMX 1711E V5,30095-03,30,970
UFMX 1711E V5,30095-03,40,1000
UFMX 1711E V5,30095-03,50,1050
UFMX 1711E V5,30095-03,60,1100
UFMX 1711E V5,30095-03,70,1150
UFMX 1711E V5,30095-03,F,1750.0
UFMX 1711E V5,30095-03,I,1900.0
UFMX 1711E V5,30095-03,41,nan
UFMX 1711E V5,30095-03,42,nan
UFMX 1711E V5,30095-04,10,375
UFMX 1711E V5,30095-04,20,395
UFMX 1711E V5,30095-04,30,410
UFMX 1711E V5,30095-04,40,430
UFMX 1711E V5,30095-04,50,450
UFMX 1711E V5,30095-04,60,470
UFMX 1711E V5,30095-04,70,490
UFMX 1711E V5,30095-04,F,715.0
UFMX 1711E V5,30095-04,I,775.0
UFMX 1711E V5,30095-04,41,nan
UFMX 1711E V5,30095-04,42,nan
UFMX 1711E V5,30095-24,10,410
UFMX 1711E V5,30095-24,20,430
UFMX 1711E V5,30095-24,30,445
UFMX 1711E V5,30095-24,40,465
UFMX 1711E V5,30095-24,50,485
UFMX 1711E V5,30095-24,60,505
UFMX 1711E V5,30095-24,70,525
UFMX 1711E V5,30095-24,F,750.0
UFMX 1711E V5,30095-24,I,810.0
UFMX 1711E V5,30095-24,41,nan
UFMX 1711E V5,30095-24,42,nan
UFMX 1711E V5,30095-91,10,925
UFMX 1711E V5,30095-91,20,965
UFMX 1711E V5,30095-91,30,995
UFMX 1711E V5,30095-91,40,1025
UFMX 1711E V5,30095-91,50,1075
UFMX 1711E V5,30095-91,60,1125
UFMX 1711E V5,30095-91,70,1175
UFMX 1711E V5,30095-91,F,1775.0
UFMX 1711E V5,30095-91,I,1925.0
UFMX 1711E V5,30095-91,41,nan
UFMX 1711E V5,30095-91,42,nan
UFMX 1711E V5,30095-S3,10,1050
UFMX 1711E V5,30095-S3,20,1090
UFMX 1711E V5,30095-S3,30,1120
UFMX 1711E V5,30095-S3,40,1150
UFMX 1711E V5,30095-S3,50,1200
UFMX 1711E V5,30095-S3,60,1250
UFMX 1711E V5,30095-S3,70,1300
UFMX 1711E V5,30095-S3,F,1900.0
UFMX 1711E V5,30095-S3,I,2050.0
UFMX 1711E V5,30095-S3,41,nan
UFMX 1711E V5,30095-S3,42,nan
UFMX 1711E V5,30195-01,10,850
UFMX 1711E V5,30195-01,20,890
UFMX 1711E V5,30195-01,30,920
UFMX 1711E V5,30195-01,40,950
UFMX 1711E V5,30195-01,50,1000
UFMX 1711E V5,30195-01,60,1050
UFMX 1711E V5,30195-01,70,1100
UFMX 1711E V5,30195-01,F,1700.0
UFMX 1711E V5,30195-01,I,1850.0
UFMX 1711E V5,30195-01,41,nan
UFMX 1711E V5,30195-01,42,nan
UFMX 1711E V5,30195-02,10,400
UFMX 1711E V5,30195-02,20,420
UFMX 1711E V5,30195-02,30,435
UFMX 1711E V5,30195-02,40,455
UFMX 1711E V5,30195-02,50,475
UFMX 1711E V5,30195-02,60,495
UFMX 1711E V5,30195-02,70,515
UFMX 1711E V5,30195-02,F,825.0
UFMX 1711E V5,30195-02,I,900.0
UFMX 1711E V5,30195-02,41,nan
UFMX 1711E V5,30195-02,42,nan
UFMX 1711E V5,30195-03,10,800
UFMX 1711E V5,30195-03,20,840
UFMX 1711E V5,30195-03,30,870
UFMX 1711E V5,30195-03,40,900
UFMX 1711E V5,30195-03,50,950
UFMX 1711E V5,30195-03,60,1000
UFMX 1711E V5,30195-03,70,1050
UFMX 1711E V5,30195-03,F,1650.0
UFMX 1711E V5,30195-03,I,1800.0
UFMX 1711E V5,30195-03,41,nan
UFMX 1711E V5,30195-03,42,nan
UFMX 1711E V5,30195-07,10,750
UFMX 1711E V5,30195-07,20,790
UFMX 1711E V5,30195-07,30,820
UFMX 1711E V5,30195-07,40,850
UFMX 1711E V5,30195-07,50,900
UFMX 1711E V5,30195-07,60,950
UFMX 1711E V5,30195-07,70,1000
UFMX 1711E V5,30195-07,F,1600.0
UFMX 1711E V5,30195-07,I,1750.0
UFMX 1711E V5,30195-07,41,nan
UFMX 1711E V5,30195-07,42,nan
UFMX 1711E V5,30195-08,10,750
UFMX 1711E V5,30195-08,20,790
UFMX 1711E V5,30195-08,30,820
UFMX 1711E V5,30195-08,40,850
UFMX 1711E V5,30195-08,50,900
UFMX 1711E V5,30195-08,60,950
UFMX 1711E V5,30195-08,70,1000
UFMX 1711E V5,30195-08,F,1600.0
UFMX 1711E V5,30195-08,I,1750.0
UFMX 1711E V5,30195-08,41,nan
UFMX 1711E V5,30195-08,42,nan
UFMX 1711E V5,30195-15,10,750
UFMX 1711E V5,30195-15,20,790
UFMX 1711E V5,30195-15,30,820
UFMX 1711E V5,30195-15,40,850
UFMX 1711E V5,30195-15,50,900
UFMX 1711E V5,30195-15,60,950
UFMX 1711E V5,30195-15,70,1000
UFMX 1711E V5,30195-15,F,1600.0
UFMX 1711E V5,30195-15,I,1750.0
UFMX 1711E V5,30195-15,41,nan
UFMX 1711E V5,30195-15,42,nan
UFMX 1711E V5,30195-16,10,750
UFMX 1711E V5,30195-16,20,790
UFMX 1711E V5,30195-16,30,820
UFMX 1711E V5,30195-16,40,850
UFMX 1711E V5,30195-16,50,900
UFMX 1711E V5,30195-16,60,950
UFMX 1711E V5,30195-16,70,1000
UFMX 1711E V5,30195-16,F,1600.0
UFMX 1711E V5,30195-16,I,1750.0
UFMX 1711E V5,30195-16,41,nan
UFMX 1711E V5,30195-16,42,nan
UFMX 1711E V5,30195-17,10,775
UFMX 1711E V5,30195-17,20,815
UFMX 1711E V5,30195-17,30,845
UFMX 1711E V5,30195-17,40,875
UFMX 1711E V5,30195-17,50,925
UFMX 1711E V5,30195-17,60,975
UFMX 1711E V5,30195-17,70,1025
UFMX 1711E V5,30195-17,F,1625.0
UFMX 1711E V5,30195-17,I,1775.0
UFMX 1711E V5,30195-17,41,nan
UFMX 1711E V5,30195-17,42,nan
UFMX 1711E V5,30195-18,10,775
UFMX 1711E V5,30195-18,20,815
UFMX 1711E V5,30195-18,30,845
UFMX 1711E V5,30195-18,40,875
UFMX 1711E V5,30195-18,50,925
UFMX 1711E V5,30195-18,60,975
UFMX 1711E V5,30195-18,70,1025
UFMX 1711E V5,30195-18,F,1625.0
UFMX 1711E V5,30195-18,I,1775.0
UFMX 1711E V5,30195-18,41,nan
UFMX 1711E V5,30195-18,42,nan
UFMX 1711E V5,30195-24,10,310
UFMX 1711E V5,30195-24,20,330
UFMX 1711E V5,30195-24,30,345
UFMX 1711E V5,30195-24,40,365
UFMX 1711E V5,30195-24,50,385
UFMX 1711E V5,30195-24,60,405
UFMX 1711E V5,30195-24,70,425
UFMX 1711E V5,30195-24,F,650.0
UFMX 1711E V5,30195-24,I,710.0
UFMX 1711E V5,30195-24,41,nan
UFMX 1711E V5,30195-24,42,nan
UFMX 1711E V5,30195-86,10,925
UFMX 1711E V5,30195-86,20,965
UFMX 1711E V5,30195-86,30,995
UFMX 1711E V5,30195-86,40,1025
UFMX 1711E V5,30195-86,50,1075
UFMX 1711E V5,30195-86,60,1125
UFMX 1711E V5,30195-86,70,1175
UFMX 1711E V5,30195-86,F,1775.0
UFMX 1711E V5,30195-86,I,1925.0
UFMX 1711E V5,30195-86,41,nan
UFMX 1711E V5,30195-86,42,nan
UFMX 1711E V5,30195-87,10,925
UFMX 1711E V5,30195-87,20,965
UFMX 1711E V5,30195-87,30,995
UFMX 1711E V5,30195-87,40,1025
UFMX 1711E V5,30195-87,50,1075
UFMX 1711E V5,30195-87,60,1125
UFMX 1711E V5,30195-87,70,1175
UFMX 1711E V5,30195-87,F,1775.0
UFMX 1711E V5,30195-87,I,1925.0
UFMX 1711E V5,30195-87,41,nan
UFMX 1711E V5,30195-87,42,nan
UFMX 1711E V5,30195-91,10,825
UFMX 1711E V5,30195-91,20,865
UFMX 1711E V5,30195-91,30,895
UFMX 1711E V5,30195-91,40,925
UFMX 1711E V5,30195-91,50,975
UFMX 1711E V5,30195-91,60,1025
UFMX 1711E V5,30195-91,70,1075
UFMX 1711E V5,30195-91,F,1675.0
UFMX 1711E V5,30195-91,I,1825.0
UFMX 1711E V5,30195-91,41,nan
UFMX 1711E V5,30195-91,42,nan
UFMX 1711E V5,30195-96,10,775
UFMX 1711E V5,30195-96,20,815
UFMX 1711E V5,30195-96,30,845
UFMX 1711E V5,30195-96,40,875
UFMX 1711E V5,30195-96,50,925
UFMX 1711E V5,30195-96,60,975
UFMX 1711E V5,30195-96,70,1025
UFMX 1711E V5,30195-96,F,1625.0
UFMX 1711E V5,30195-96,I,1775.0
UFMX 1711E V5,30195-96,41,nan
UFMX 1711E V5,30195-96,42,nan
UFMX 1711E V5,30195-97,10,775
UFMX 1711E V5,30195-97,20,815
UFMX 1711E V5,30195-97,30,845
UFMX 1711E V5,30195-97,40,875
UFMX 1711E V5,30195-97,50,925
UFMX 1711E V5,30195-97,60,975
UFMX 1711E V5,30195-97,70,1025
UFMX 1711E V5,30195-97,F,1625.0
UFMX 1711E V5,30195-97,I,1775.0
UFMX 1711E V5,30195-97,41,nan
UFMX 1711E V5,30195-97,42,nan
UFMX 1711E V5,30195-S3,10,950
UFMX 1711E V5,30195-S3,20,990
UFMX 1711E V5,30195-S3,30,1020
UFMX 1711E V5,30195-S3,40,1050
UFMX 1711E V5,30195-S3,50,1100
UFMX 1711E V5,30195-S3,60,1150
UFMX 1711E V5,30195-S3,70,1200
UFMX 1711E V5,30195-S3,F,1800.0
UFMX 1711E V5,30195-S3,I,1950.0
UFMX 1711E V5,30195-S3,41,nan
UFMX 1711E V5,30195-S3,42,nan
UFMX 1711E V5,30195-01,10,950
UFMX 1711E V5,30195-01,20,990
UFMX 1711E V5,30195-01,30,1020
UFMX 1711E V5,30195-01,40,1050
UFMX 1711E V5,30195-01,50,1100
UFMX 1711E V5,30195-01,60,1150
UFMX 1711E V5,30195-01,70,1200
UFMX 1711E V5,30195-01,F,1800.0
UFMX 1711E V5,30195-01,I,1950.0
UFMX 1711E V5,30195-01,41,nan
UFMX 1711E V5,30195-01,42,nan
UFMX 1711E V5,30195-02,10,500
UFMX 1711E V5,30195-02,20,520
UFMX 1711E V5,30195-02,30,535
UFMX 1711E V5,30195-02,40,555
UFMX 1711E V5,30195-02,50,575
UFMX 1711E V5,30195-02,60,595
UFMX 1711E V5,30195-02,70,615
UFMX 1711E V5,30195-02,F,925.0
UFMX 1711E V5,30195-02,I,1000.0
UFMX 1711E V5,30195-02,41,nan
UFMX 1711E V5,30195-02,42,nan
UFMX 1711E V5,30195-03,10,900
UFMX 1711E V5,30195-03,20,940
UFMX 1711E V5,30195-03,30,970
UFMX 1711E V5,30195-03,40,1000
UFMX 1711E V5,30195-03,50,1050
UFMX 1711E V5,30195-03,60,1100
UFMX 1711E V5,30195-03,70,1150
UFMX 1711E V5,30195-03,F,1750.0
UFMX 1711E V5,30195-03,I,1900.0
UFMX 1711E V5,30195-03,41,nan
UFMX 1711E V5,30195-03,42,nan
UFMX 1711E V5,30195-24,10,410
UFMX 1711E V5,30195-24,20,430
UFMX 1711E V5,30195-24,30,445
UFMX 1711E V5,30195-24,40,465
UFMX 1711E V5,30195-24,50,485
UFMX 1711E V5,30195-24,60,505
UFMX 1711E V5,30195-24,70,525
UFMX 1711E V5,30195-24,F,750.0
UFMX 1711E V5,30195-24,I,810.0
UFMX 1711E V5,30195-24,41,nan
UFMX 1711E V5,30195-24,42,nan
UFMX 1711E V5,30195-91,10,925
UFMX 1711E V5,30195-91,20,965
UFMX 1711E V5,30195-91,30,995
UFMX 1711E V5,30195-91,40,1025
UFMX 1711E V5,30195-91,50,1075
UFMX 1711E V5,30195-91,60,1125
UFMX 1711E V5,30195-91,70,1175
UFMX 1711E V5,30195-91,F,1775.0
UFMX 1711E V5,30195-91,I,1925.0
UFMX 1711E V5,30195-91,41,nan
UFMX 1711E V5,30195-91,42,nan
UFMX 1711E V5,30195-S3,10,1050
UFMX 1711E V5,30195-S3,20,1090
UFMX 1711E V5,30195-S3,30,1120
UFMX 1711E V5,30195-S3,40,1150
UFMX 1711E V5,30195-S3,50,1200
UFMX 1711E V5,30195-S3,60,1250
UFMX 1711E V5,30195-S3,70,1300
UFMX 1711E V5,30195-S3,F,1900.0
UFMX 1711E V5,30195-S3,I,2050.0
UFMX 1711E V5,30195-S3,41,nan
UFMX 1711E V5,30195-S3,42,nan
UFMX 1711E V5,30159-SC,10,675
UFMX 1711E V5,30159-SC,20,715
UFMX 1711E V5,30159-SC,30,745
UFMX 1711E V5,30159-SC,40,775
UFMX 1711E V5,30159-SC,50,825
UFMX 1711E V5,30159-SC,60,875
UFMX 1711E V5,30159-SC,70,925
UFMX 1711E V5,30159-SC,F,1100.0
UFMX 1711E V5,30159-SC,I,1175.0
UFMX 1711E V5,30159-SC,41,nan
UFMX 1711E V5,30159-SC,42,nan
UFMX 1711E V5,30159-SS,10,425
UFMX 1711E V5,30159-SS,20,465
UFMX 1711E V5,30159-SS,30,495
UFMX 1711E V5,30159-SS,40,525
UFMX 1711E V5,30159-SS,50,575
UFMX 1711E V5,30159-SS,60,625
UFMX 1711E V5,30159-SS,70,675
UFMX 1711E V5,30159-SS,F,850.0
UFMX 1711E V5,30159-SS,I,925.0
UFMX 1711E V5,30159-SS,41,nan
UFMX 1711E V5,30159-SS,42,nan
UFMX 1711E V5,30159-DC,10,725
UFMX 1711E V5,30159-DC,20,765
UFMX 1711E V5,30159-DC,30,795
UFMX 1711E V5,30159-DC,40,825
UFMX 1711E V5,30159-DC,50,875
UFMX 1711E V5,30159-DC,60,925
UFMX 1711E V5,30159-DC,70,975
UFMX 1711E V5,30159-DC,F,1150.0
UFMX 1711E V5,30159-DC,I,1225.0
UFMX 1711E V5,30159-DC,41,nan
UFMX 1711E V5,30159-DC,42,nan
UFMX 1711E V5,30159-DS,10,525
UFMX 1711E V5,30159-DS,20,565
UFMX 1711E V5,30159-DS,30,595
UFMX 1711E V5,30159-DS,40,625
UFMX 1711E V5,30159-DS,50,675
UFMX 1711E V5,30159-DS,60,725
UFMX 1711E V5,30159-DS,70,775
UFMX 1711E V5,30159-DS,F,950.0
UFMX 1711E V5,30159-DS,I,1025.0
UFMX 1711E V5,30159-DS,41,nan
UFMX 1711E V5,30159-DS,42,nan
UFMX 1711E V5,30159-DR,10,500
UFMX 1711E V5,30159-DR,20,540
UFMX 1711E V5,30159-DR,30,570
UFMX 1711E V5,30159-DR,40,600
UFMX 1711E V5,30159-DR,50,650
UFMX 1711E V5,30159-DR,60,700
UFMX 1711E V5,30159-DR,70,750
UFMX 1711E V5,30159-DR,F,925.0
UFMX 1711E V5,30159-DR,I,1000.0
UFMX 1711E V5,30159-DR,41,nan
UFMX 1711E V5,30159-DR,42,nan
UFMX 1711E V5,30159-DL,10,500
UFMX 1711E V5,30159-DL,20,540
UFMX 1711E V5,30159-DL,30,570
UFMX 1711E V5,30159-DL,40,600
UFMX 1711E V5,30159-DL,50,650
UFMX 1711E V5,30159-DL,60,700
UFMX 1711E V5,30159-DL,70,750
UFMX 1711E V5,30159-DL,F,925.0
UFMX 1711E V5,30159-DL,I,1000.0
UFMX 1711E V5,30159-DL,41,nan
UFMX 1711E V5,30159-DL,42,nan
UFMX 1711E V5,30159-DA,10,475
UFMX 1711E V5,30159-DA,20,515
UFMX 1711E V5,30159-DA,30,545
UFMX 1711E V5,30159-DA,40,575
UFMX 1711E V5,30159-DA,50,625
UFMX 1711E V5,30159-DA,60,675
UFMX 1711E V5,30159-DA,70,725
UFMX 1711E V5,30159-DA,F,900.0
UFMX 1711E V5,30159-DA,I,975.0
UFMX 1711E V5,30159-DA,41,nan
UFMX 1711E V5,30159-DA,42,nan
UFMX 1711E V5,30159-QC,10,775
UFMX 1711E V5,30159-QC,20,815
UFMX 1711E V5,30159-QC,30,845
UFMX 1711E V5,30159-QC,40,875
UFMX 1711E V5,30159-QC,50,925
UFMX 1711E V5,30159-QC,60,975
UFMX 1711E V5,30159-QC,70,1025
UFMX 1711E V5,30159-QC,F,1200.0
UFMX 1711E V5,30159-QC,I,1275.0
UFMX 1711E V5,30159-QC,41,nan
UFMX 1711E V5,30159-QC,42,nan
UFMX 1711E V5,30159-QS,10,575
UFMX 1711E V5,30159-QS,20,615
UFMX 1711E V5,30159-QS,30,645
UFMX 1711E V5,30159-QS,40,675
UFMX 1711E V5,30159-QS,50,725
UFMX 1711E V5,30159-QS,60,775
UFMX 1711E V5,30159-QS,70,825
UFMX 1711E V5,30159-QS,F,1000.0
UFMX 1711E V5,30159-QS,I,1075.0
UFMX 1711E V5,30159-QS,41,nan
UFMX 1711E V5,30159-QS,42,nan
UFMX 1711E V5,30159-QR,10,525
UFMX 1711E V5,30159-QR,20,565
UFMX 1711E V5,30159-QR,30,595
UFMX 1711E V5,30159-QR,40,625
UFMX 1711E V5,30159-QR,50,675
UFMX 1711E V5,30159-QR,60,725
UFMX 1711E V5,30159-QR,70,775
UFMX 1711E V5,30159-QR,F,950.0
UFMX 1711E V5,30159-QR,I,1025.0
UFMX 1711E V5,30159-QR,41,nan
UFMX 1711E V5,30159-QR,42,nan
UFMX 1711E V5,30159-QL,10,525
UFMX 1711E V5,30159-QL,20,565
UFMX 1711E V5,30159-QL,30,595
UFMX 1711E V5,30159-QL,40,625
UFMX 1711E V5,30159-QL,50,675
UFMX 1711E V5,30159-QL,60,725
UFMX 1711E V5,30159-QL,70,775
UFMX 1711E V5,30159-QL,F,950.0
UFMX 1711E V5,30159-QL,I,1025.0
UFMX 1711E V5,30159-QL,41,nan
UFMX 1711E V5,30159-QL,42,nan
UFMX 1711E V5,30159-QA,10,500
UFMX 1711E V5,30159-QA,20,540
UFMX 1711E V5,30159-QA,30,570
UFMX 1711E V5,30159-QA,40,600
UFMX 1711E V5,30159-QA,50,650
UFMX 1711E V5,30159-QA,60,700
UFMX 1711E V5,30159-QA,70,750
UFMX 1711E V5,30159-QA,F,925.0
UFMX 1711E V5,30159-QA,I,1000.0
UFMX 1711E V5,30159-QA,41,nan
UFMX 1711E V5,30159-QA,42,nan
UFMX 1711E V5,30159-01,10,1050
UFMX 1711E V5,30159-01,20,1090
UFMX 1711E V5,30159-01,30,1120
UFMX 1711E V5,30159-01,40,1150
UFMX 1711E V5,30159-01,50,1200
UFMX 1711E V5,30159-01,60,1250
UFMX 1711E V5,30159-01,70,1300
UFMX 1711E V5,30159-01,F,1900.0
UFMX 1711E V5,30159-01,I,2050.0
UFMX 1711E V5,30159-01,41,nan
UFMX 1711E V5,30159-01,42,nan
UFMX 1711E V5,30159-02,10,600
UFMX 1711E V5,30159-02,20,620
UFMX 1711E V5,30159-02,30,635
UFMX 1711E V5,30159-02,40,655
UFMX 1711E V5,30159-02,50,675
UFMX 1711E V5,30159-02,60,695
UFMX 1711E V5,30159-02,70,715
UFMX 1711E V5,30159-02,F,1025.0
UFMX 1711E V5,30159-02,I,1100.0
UFMX 1711E V5,30159-02,41,nan
UFMX 1711E V5,30159-02,42,nan
UFMX 1711E V5,30159-03,10,925
UFMX 1711E V5,30159-03,20,965
UFMX 1711E V5,30159-03,30,995
UFMX 1711E V5,30159-03,40,1025
UFMX 1711E V5,30159-03,50,1075
UFMX 1711E V5,30159-03,60,1125
UFMX 1711E V5,30159-03,70,1175
UFMX 1711E V5,30159-03,F,1775.0
UFMX 1711E V5,30159-03,I,1925.0
UFMX 1711E V5,30159-03,41,nan
UFMX 1711E V5,30159-03,42,nan
UFMX 1711E V5,30159-07,10,825
UFMX 1711E V5,30159-07,20,865
UFMX 1711E V5,30159-07,30,895
UFMX 1711E V5,30159-07,40,925
UFMX 1711E V5,30159-07,50,975
UFMX 1711E V5,30159-07,60,1025
UFMX 1711E V5,30159-07,70,1075
UFMX 1711E V5,30159-07,F,1675.0
UFMX 1711E V5,30159-07,I,1825.0
UFMX 1711E V5,30159-07,41,nan
UFMX 1711E V5,30159-07,42,nan
UFMX 1711E V5,30159-08,10,825
UFMX 1711E V5,30159-08,20,865
UFMX 1711E V5,30159-08,30,895
UFMX 1711E V5,30159-08,40,925
UFMX 1711E V5,30159-08,50,975
UFMX 1711E V5,30159-08,60,1025
UFMX 1711E V5,30159-08,70,1075
UFMX 1711E V5,30159-08,F,1675.0
UFMX 1711E V5,30159-08,I,1825.0
UFMX 1711E V5,30159-08,41,nan
UFMX 1711E V5,30159-08,42,nan
UFMX 1711E V5,30159-09,10,500
UFMX 1711E V5,30159-09,20,520
UFMX 1711E V5,30159-09,30,535
UFMX 1711E V5,30159-09,40,570
UFMX 1711E V5,30159-09,50,605
UFMX 1711E V5,30159-09,60,640
UFMX 1711E V5,30159-09,70,675
UFMX 1711E V5,30159-09,F,1095.0
UFMX 1711E V5,30159-09,I,1200.0
UFMX 1711E V5,30159-09,41,nan
UFMX 1711E V5,30159-09,42,nan
UFMX 1711E V5,30159-10,10,475
UFMX 1711E V5,30159-10,20,495
UFMX 1711E V5,30159-10,30,510
UFMX 1711E V5,30159-10,40,530
UFMX 1711E V5,30159-10,50,550
UFMX 1711E V5,30159-10,60,570
UFMX 1711E V5,30159-10,70,590
UFMX 1711E V5,30159-10,F,815.0
UFMX 1711E V5,30159-10,I,875.0
UFMX 1711E V5,30159-10,41,nan
UFMX 1711E V5,30159-10,42,nan
UFMX 1711E V5,30159-11,10,525
UFMX 1711E V5,30159-11,20,545
UFMX 1711E V5,30159-11,30,560
UFMX 1711E V5,30159-11,40,595
UFMX 1711E V5,30159-11,50,630
UFMX 1711E V5,30159-11,60,665
UFMX 1711E V5,30159-11,70,700
UFMX 1711E V5,30159-11,F,1120.0
UFMX 1711E V5,30159-11,I,1225.0
UFMX 1711E V5,30159-11,41,nan
UFMX 1711E V5,30159-11,42,nan
UFMX 1711E V5,30159-12,10,525
UFMX 1711E V5,30159-12,20,545
UFMX 1711E V5,30159-12,30,560
UFMX 1711E V5,30159-12,40,595
UFMX 1711E V5,30159-12,50,630
UFMX 1711E V5,30159-12,60,665
UFMX 1711E V5,30159-12,70,700
UFMX 1711E V5,30159-12,F,1120.0
UFMX 1711E V5,30159-12,I,1225.0
UFMX 1711E V5,30159-12,41,nan
UFMX 1711E V5,30159-12,42,nan
UFMX 1711E V5,30159-14,10,750
UFMX 1711E V5,30159-14,20,770
UFMX 1711E V5,30159-14,30,785
UFMX 1711E V5,30159-14,40,800
UFMX 1711E V5,30159-14,50,820
UFMX 1711E V5,30159-14,60,840
UFMX 1711E V5,30159-14,70,860
UFMX 1711E V5,30159-14,F,1430.0
UFMX 1711E V5,30159-14,I,1550.0
UFMX 1711E V5,30159-14,41,nan
UFMX 1711E V5,30159-14,42,nan
UFMX 1711E V5,30159-15,10,680
UFMX 1711E V5,30159-15,20,720
UFMX 1711E V5,30159-15,30,750
UFMX 1711E V5,30159-15,40,780
UFMX 1711E V5,30159-15,50,830
UFMX 1711E V5,30159-15,60,880
UFMX 1711E V5,30159-15,70,930
UFMX 1711E V5,30159-15,F,1530.0
UFMX 1711E V5,30159-15,I,1680.0
UFMX 1711E V5,30159-15,41,nan
UFMX 1711E V5,30159-15,42,nan
UFMX 1711E V5,30159-16,10,680
UFMX 1711E V5,30159-16,20,720
UFMX 1711E V5,30159-16,30,750
UFMX 1711E V5,30159-16,40,780
UFMX 1711E V5,30159-16,50,830
UFMX 1711E V5,30159-16,60,880
UFMX 1711E V5,30159-16,70,930
UFMX 1711E V5,30159-16,F,1530.0
UFMX 1711E V5,30159-16,I,1680.0
UFMX 1711E V5,30159-16,41,nan
UFMX 1711E V5,30159-16,42,nan
UFMX 1711E V5,30159-17,10,780
UFMX 1711E V5,30159-17,20,820
UFMX 1711E V5,30159-17,30,850
UFMX 1711E V5,30159-17,40,880
UFMX 1711E V5,30159-17,50,930
UFMX 1711E V5,30159-17,60,980
UFMX 1711E V5,30159-17,70,1030
UFMX 1711E V5,30159-17,F,1630.0
UFMX 1711E V5,30159-17,I,1780.0
UFMX 1711E V5,30159-17,41,nan
UFMX 1711E V5,30159-17,42,nan
UFMX 1711E V5,30159-18,10,780
UFMX 1711E V5,30159-18,20,820
UFMX 1711E V5,30159-18,30,850
UFMX 1711E V5,30159-18,40,880
UFMX 1711E V5,30159-18,50,930
UFMX 1711E V5,30159-18,60,980
UFMX 1711E V5,30159-18,70,1030
UFMX 1711E V5,30159-18,F,1630.0
UFMX 1711E V5,30159-18,I,1780.0
UFMX 1711E V5,30159-18,41,nan
UFMX 1711E V5,30159-18,42,nan
UFMX 1711E V5,30159-35,10,680
UFMX 1711E V5,30159-35,20,720
UFMX 1711E V5,30159-35,30,750
UFMX 1711E V5,30159-35,40,780
UFMX 1711E V5,30159-35,50,830
UFMX 1711E V5,30159-35,60,880
UFMX 1711E V5,30159-35,70,930
UFMX 1711E V5,30159-35,F,1360.0
UFMX 1711E V5,30159-35,I,1480.0
UFMX 1711E V5,30159-35,41,nan
UFMX 1711E V5,30159-35,42,nan
UFMX 1711E V5,30159-36,10,680
UFMX 1711E V5,30159-36,20,720
UFMX 1711E V5,30159-36,30,750
UFMX 1711E V5,30159-36,40,780
UFMX 1711E V5,30159-36,50,830
UFMX 1711E V5,30159-36,60,880
UFMX 1711E V5,30159-36,70,930
UFMX 1711E V5,30159-36,F,1360.0
UFMX 1711E V5,30159-36,I,1480.0
UFMX 1711E V5,30159-36,41,nan
UFMX 1711E V5,30159-36,42,nan
UFMX 1711E V5,30159-86,10,950
UFMX 1711E V5,30159-86,20,990
UFMX 1711E V5,30159-86,30,1020
UFMX 1711E V5,30159-86,40,1050
UFMX 1711E V5,30159-86,50,1100
UFMX 1711E V5,30159-86,60,1150
UFMX 1711E V5,30159-86,70,1200
UFMX 1711E V5,30159-86,F,1800.0
UFMX 1711E V5,30159-86,I,1950.0
UFMX 1711E V5,30159-86,41,nan
UFMX 1711E V5,30159-86,42,nan
UFMX 1711E V5,30159-87,10,950
UFMX 1711E V5,30159-87,20,990
UFMX 1711E V5,30159-87,30,1020
UFMX 1711E V5,30159-87,40,1050
UFMX 1711E V5,30159-87,50,1100
UFMX 1711E V5,30159-87,60,1150
UFMX 1711E V5,30159-87,70,1200
UFMX 1711E V5,30159-87,F,1800.0
UFMX 1711E V5,30159-87,I,1950.0
UFMX 1711E V5,30159-87,41,nan
UFMX 1711E V5,30159-87,42,nan
UFMX 1711E V5,30159-92,10,850
UFMX 1711E V5,30159-92,20,890
UFMX 1711E V5,30159-92,30,920
UFMX 1711E V5,30159-92,40,950
UFMX 1711E V5,30159-92,50,1000
UFMX 1711E V5,30159-92,60,1050
UFMX 1711E V5,30159-92,70,1100
UFMX 1711E V5,30159-92,F,1700.0
UFMX 1711E V5,30159-92,I,1850.0
UFMX 1711E V5,30159-92,41,nan
UFMX 1711E V5,30159-92,42,nan
UFMX 1711E V5,30159-94,10,300
UFMX 1711E V5,30159-94,20,320
UFMX 1711E V5,30159-94,30,335
UFMX 1711E V5,30159-94,40,355
UFMX 1711E V5,30159-94,50,375
UFMX 1711E V5,30159-94,60,395
UFMX 1711E V5,30159-94,70,415
UFMX 1711E V5,30159-94,F,575.0
UFMX 1711E V5,30159-94,I,635.0
UFMX 1711E V5,30159-94,41,nan
UFMX 1711E V5,30159-94,42,nan
UFMX 1711E V5,30160-SC,10,675
UFMX 1711E V5,30160-SC,20,715
UFMX 1711E V5,30160-SC,30,745
UFMX 1711E V5,30160-SC,40,775
UFMX 1711E V5,30160-SC,50,825
UFMX 1711E V5,30160-SC,60,875
UFMX 1711E V5,30160-SC,70,925
UFMX 1711E V5,30160-SC,F,1100.0
UFMX 1711E V5,30160-SC,I,1175.0
UFMX 1711E V5,30160-SC,41,nan
UFMX 1711E V5,30160-SC,42,nan
UFMX 1711E V5,30160-SS,10,425
UFMX 1711E V5,30160-SS,20,465
UFMX 1711E V5,30160-SS,30,495
UFMX 1711E V5,30160-SS,40,525
UFMX 1711E V5,30160-SS,50,575
UFMX 1711E V5,30160-SS,60,625
UFMX 1711E V5,30160-SS,70,675
UFMX 1711E V5,30160-SS,F,850.0
UFMX 1711E V5,30160-SS,I,925.0
UFMX 1711E V5,30160-SS,41,nan
UFMX 1711E V5,30160-SS,42,nan
UFMX 1711E V5,30160-DC,10,725
UFMX 1711E V5,30160-DC,20,765
UFMX 1711E V5,30160-DC,30,795
UFMX 1711E V5,30160-DC,40,825
UFMX 1711E V5,30160-DC,50,875
UFMX 1711E V5,30160-DC,60,925
UFMX 1711E V5,30160-DC,70,975
UFMX 1711E V5,30160-DC,F,1150.0
UFMX 1711E V5,30160-DC,I,1225.0
UFMX 1711E V5,30160-DC,41,nan
UFMX 1711E V5,30160-DC,42,nan
UFMX 1711E V5,30160-DS,10,525
UFMX 1711E V5,30160-DS,20,565
UFMX 1711E V5,30160-DS,30,595
UFMX 1711E V5,30160-DS,40,625
UFMX 1711E V5,30160-DS,50,675
UFMX 1711E V5,30160-DS,60,725
UFMX 1711E V5,30160-DS,70,775
UFMX 1711E V5,30160-DS,F,950.0
UFMX 1711E V5,30160-DS,I,1025.0
UFMX 1711E V5,30160-DS,41,nan
UFMX 1711E V5,30160-DS,42,nan
UFMX 1711E V5,30160-DR,10,500
UFMX 1711E V5,30160-DR,20,540
UFMX 1711E V5,30160-DR,30,570
UFMX 1711E V5,30160-DR,40,600
UFMX 1711E V5,30160-DR,50,650
UFMX 1711E V5,30160-DR,60,700
UFMX 1711E V5,30160-DR,70,750
UFMX 1711E V5,30160-DR,F,925.0
UFMX 1711E V5,30160-DR,I,1000.0
UFMX 1711E V5,30160-DR,41,nan
UFMX 1711E V5,30160-DR,42,nan
UFMX 1711E V5,30160-DL,10,500
UFMX 1711E V5,30160-DL,20,540
UFMX 1711E V5,30160-DL,30,570
UFMX 1711E V5,30160-DL,40,600
UFMX 1711E V5,30160-DL,50,650
UFMX 1711E V5,30160-DL,60,700
UFMX 1711E V5,30160-DL,70,750
UFMX 1711E V5,30160-DL,F,925.0
UFMX 1711E V5,30160-DL,I,1000.0
UFMX 1711E V5,30160-DL,41,nan
UFMX 1711E V5,30160-DL,42,nan
UFMX 1711E V5,30160-DA,10,475
UFMX 1711E V5,30160-DA,20,515
UFMX 1711E V5,30160-DA,30,545
UFMX 1711E V5,30160-DA,40,575
UFMX 1711E V5,30160-DA,50,625
UFMX 1711E V5,30160-DA,60,675
UFMX 1711E V5,30160-DA,70,725
UFMX 1711E V5,30160-DA,F,900.0
UFMX 1711E V5,30160-DA,I,975.0
UFMX 1711E V5,30160-DA,41,nan
UFMX 1711E V5,30160-DA,42,nan
UFMX 1711E V5,30160-QC,10,775
UFMX 1711E V5,30160-QC,20,815
UFMX 1711E V5,30160-QC,30,845
UFMX 1711E V5,30160-QC,40,875
UFMX 1711E V5,30160-QC,50,925
UFMX 1711E V5,30160-QC,60,975
UFMX 1711E V5,30160-QC,70,1025
UFMX 1711E V5,30160-QC,F,1200.0
UFMX 1711E V5,30160-QC,I,1275.0
UFMX 1711E V5,30160-QC,41,nan
UFMX 1711E V5,30160-QC,42,nan
UFMX 1711E V5,30160-QS,10,575
UFMX 1711E V5,30160-QS,20,615
UFMX 1711E V5,30160-QS,30,645
UFMX 1711E V5,30160-QS,40,675
UFMX 1711E V5,30160-QS,50,725
UFMX 1711E V5,30160-QS,60,775
UFMX 1711E V5,30160-QS,70,825
UFMX 1711E V5,30160-QS,F,1000.0
UFMX 1711E V5,30160-QS,I,1075.0
UFMX 1711E V5,30160-QS,41,nan
UFMX 1711E V5,30160-QS,42,nan
UFMX 1711E V5,30160-QR,10,525
UFMX 1711E V5,30160-QR,20,565
UFMX 1711E V5,30160-QR,30,595
UFMX 1711E V5,30160-QR,40,625
UFMX 1711E V5,30160-QR,50,675
UFMX 1711E V5,30160-QR,60,725
UFMX 1711E V5,30160-QR,70,775
UFMX 1711E V5,30160-QR,F,950.0
UFMX 1711E V5,30160-QR,I,1025.0
UFMX 1711E V5,30160-QR,41,nan
UFMX 1711E V5,30160-QR,42,nan
UFMX 1711E V5,30160-QL,10,525
UFMX 1711E V5,30160-QL,20,565
UFMX 1711E V5,30160-QL,30,595
UFMX 1711E V5,30160-QL,40,625
UFMX 1711E V5,30160-QL,50,675
UFMX 1711E V5,30160-QL,60,725
UFMX 1711E V5,30160-QL,70,775
UFMX 1711E V5,30160-QL,F,950.0
UFMX 1711E V5,30160-QL,I,1025.0
UFMX 1711E V5,30160-QL,41,nan
UFMX 1711E V5,30160-QL,42,nan
UFMX 1711E V5,30160-QA,10,500
UFMX 1711E V5,30160-QA,20,540
UFMX 1711E V5,30160-QA,30,570
UFMX 1711E V5,30160-QA,40,600
UFMX 1711E V5,30160-QA,50,650
UFMX 1711E V5,30160-QA,60,700
UFMX 1711E V5,30160-QA,70,750
UFMX 1711E V5,30160-QA,F,925.0
UFMX 1711E V5,30160-QA,I,1000.0
UFMX 1711E V5,30160-QA,41,nan
UFMX 1711E V5,30160-QA,42,nan
UFMX 1711E V5,30160-01,10,1050
UFMX 1711E V5,30160-01,20,1090
UFMX 1711E V5,30160-01,30,1120
UFMX 1711E V5,30160-01,40,1150
UFMX 1711E V5,30160-01,50,1200
UFMX 1711E V5,30160-01,60,1250
UFMX 1711E V5,30160-01,70,1300
UFMX 1711E V5,30160-01,F,1900.0
UFMX 1711E V5,30160-01,I,2050.0
UFMX 1711E V5,30160-01,41,nan
UFMX 1711E V5,30160-01,42,nan
UFMX 1711E V5,30160-02,10,600
UFMX 1711E V5,30160-02,20,620
UFMX 1711E V5,30160-02,30,635
UFMX 1711E V5,30160-02,40,655
UFMX 1711E V5,30160-02,50,675
UFMX 1711E V5,30160-02,60,695
UFMX 1711E V5,30160-02,70,715
UFMX 1711E V5,30160-02,F,1025.0
UFMX 1711E V5,30160-02,I,1100.0
UFMX 1711E V5,30160-02,41,nan
UFMX 1711E V5,30160-02,42,nan
UFMX 1711E V5,30160-03,10,925
UFMX 1711E V5,30160-03,20,965
UFMX 1711E V5,30160-03,30,995
UFMX 1711E V5,30160-03,40,1025
UFMX 1711E V5,30160-03,50,1075
UFMX 1711E V5,30160-03,60,1125
UFMX 1711E V5,30160-03,70,1175
UFMX 1711E V5,30160-03,F,1775.0
UFMX 1711E V5,30160-03,I,1925.0
UFMX 1711E V5,30160-03,41,nan
UFMX 1711E V5,30160-03,42,nan
UFMX 1711E V5,30160-07,10,825
UFMX 1711E V5,30160-07,20,865
UFMX 1711E V5,30160-07,30,895
UFMX 1711E V5,30160-07,40,925
UFMX 1711E V5,30160-07,50,975
UFMX 1711E V5,30160-07,60,1025
UFMX 1711E V5,30160-07,70,1075
UFMX 1711E V5,30160-07,F,1675.0
UFMX 1711E V5,30160-07,I,1825.0
UFMX 1711E V5,30160-07,41,nan
UFMX 1711E V5,30160-07,42,nan
UFMX 1711E V5,30160-08,10,825
UFMX 1711E V5,30160-08,20,865
UFMX 1711E V5,30160-08,30,895
UFMX 1711E V5,30160-08,40,925
UFMX 1711E V5,30160-08,50,975
UFMX 1711E V5,30160-08,60,1025
UFMX 1711E V5,30160-08,70,1075
UFMX 1711E V5,30160-08,F,1675.0
UFMX 1711E V5,30160-08,I,1825.0
UFMX 1711E V5,30160-08,41,nan
UFMX 1711E V5,30160-08,42,nan
UFMX 1711E V5,30160-09,10,500
UFMX 1711E V5,30160-09,20,520
UFMX 1711E V5,30160-09,30,535
UFMX 1711E V5,30160-09,40,570
UFMX 1711E V5,30160-09,50,605
UFMX 1711E V5,30160-09,60,640
UFMX 1711E V5,30160-09,70,675
UFMX 1711E V5,30160-09,F,1095.0
UFMX 1711E V5,30160-09,I,1200.0
UFMX 1711E V5,30160-09,41,nan
UFMX 1711E V5,30160-09,42,nan
UFMX 1711E V5,30160-10,10,475
UFMX 1711E V5,30160-10,20,495
UFMX 1711E V5,30160-10,30,510
UFMX 1711E V5,30160-10,40,530
UFMX 1711E V5,30160-10,50,550
UFMX 1711E V5,30160-10,60,570
UFMX 1711E V5,30160-10,70,590
UFMX 1711E V5,30160-10,F,815.0
UFMX 1711E V5,30160-10,I,875.0
UFMX 1711E V5,30160-10,41,nan
UFMX 1711E V5,30160-10,42,nan
UFMX 1711E V5,30160-11,10,525
UFMX 1711E V5,30160-11,20,545
UFMX 1711E V5,30160-11,30,560
UFMX 1711E V5,30160-11,40,595
UFMX 1711E V5,30160-11,50,630
UFMX 1711E V5,30160-11,60,665
UFMX 1711E V5,30160-11,70,700
UFMX 1711E V5,30160-11,F,1120.0
UFMX 1711E V5,30160-11,I,1225.0
UFMX 1711E V5,30160-11,41,nan
UFMX 1711E V5,30160-11,42,nan
UFMX 1711E V5,30160-12,10,525
UFMX 1711E V5,30160-12,20,545
UFMX 1711E V5,30160-12,30,560
UFMX 1711E V5,30160-12,40,595
UFMX 1711E V5,30160-12,50,630
UFMX 1711E V5,30160-12,60,665
UFMX 1711E V5,30160-12,70,700
UFMX 1711E V5,30160-12,F,1120.0
UFMX 1711E V5,30160-12,I,1225.0
UFMX 1711E V5,30160-12,41,nan
UFMX 1711E V5,30160-12,42,nan
UFMX 1711E V5,30160-14,10,750
UFMX 1711E V5,30160-14,20,770
UFMX 1711E V5,30160-14,30,785
UFMX 1711E V5,30160-14,40,800
UFMX 1711E V5,30160-14,50,820
UFMX 1711E V5,30160-14,60,840
UFMX 1711E V5,30160-14,70,860
UFMX 1711E V5,30160-14,F,1430.0
UFMX 1711E V5,30160-14,I,1550.0
UFMX 1711E V5,30160-14,41,nan
UFMX 1711E V5,30160-14,42,nan
UFMX 1711E V5,30160-15,10,680
UFMX 1711E V5,30160-15,20,720
UFMX 1711E V5,30160-15,30,750
UFMX 1711E V5,30160-15,40,780
UFMX 1711E V5,30160-15,50,830
UFMX 1711E V5,30160-15,60,880
UFMX 1711E V5,30160-15,70,930
UFMX 1711E V5,30160-15,F,1530.0
UFMX 1711E V5,30160-15,I,1680.0
UFMX 1711E V5,30160-15,41,nan
UFMX 1711E V5,30160-15,42,nan
UFMX 1711E V5,30160-16,10,680
UFMX 1711E V5,30160-16,20,720
UFMX 1711E V5,30160-16,30,750
UFMX 1711E V5,30160-16,40,780
UFMX 1711E V5,30160-16,50,830
UFMX 1711E V5,30160-16,60,880
UFMX 1711E V5,30160-16,70,930
UFMX 1711E V5,30160-16,F,1530.0
UFMX 1711E V5,30160-16,I,1680.0
UFMX 1711E V5,30160-16,41,nan
UFMX 1711E V5,30160-16,42,nan
UFMX 1711E V5,30160-17,10,780
UFMX 1711E V5,30160-17,20,820
UFMX 1711E V5,30160-17,30,850
UFMX 1711E V5,30160-17,40,880
UFMX 1711E V5,30160-17,50,930
UFMX 1711E V5,30160-17,60,980
UFMX 1711E V5,30160-17,70,1030
UFMX 1711E V5,30160-17,F,1630.0
UFMX 1711E V5,30160-17,I,1780.0
UFMX 1711E V5,30160-17,41,nan
UFMX 1711E V5,30160-17,42,nan
UFMX 1711E V5,30160-18,10,780
UFMX 1711E V5,30160-18,20,820
UFMX 1711E V5,30160-18,30,850
UFMX 1711E V5,30160-18,40,880
UFMX 1711E V5,30160-18,50,930
UFMX 1711E V5,30160-18,60,980
UFMX 1711E V5,30160-18,70,1030
UFMX 1711E V5,30160-18,F,1630.0
UFMX 1711E V5,30160-18,I,1780.0
UFMX 1711E V5,30160-18,41,nan
UFMX 1711E V5,30160-18,42,nan
UFMX 1711E V5,30160-35,10,680
UFMX 1711E V5,30160-35,20,720
UFMX 1711E V5,30160-35,30,750
UFMX 1711E V5,30160-35,40,780
UFMX 1711E V5,30160-35,50,830
UFMX 1711E V5,30160-35,60,880
UFMX 1711E V5,30160-35,70,930
UFMX 1711E V5,30160-35,F,1360.0
UFMX 1711E V5,30160-35,I,1480.0
UFMX 1711E V5,30160-35,41,nan
UFMX 1711E V5,30160-35,42,nan
UFMX 1711E V5,30160-36,10,680
UFMX 1711E V5,30160-36,20,720
UFMX 1711E V5,30160-36,30,750
UFMX 1711E V5,30160-36,40,780
UFMX 1711E V5,30160-36,50,830
UFMX 1711E V5,30160-36,60,880
UFMX 1711E V5,30160-36,70,930
UFMX 1711E V5,30160-36,F,1360.0
UFMX 1711E V5,30160-36,I,1480.0
UFMX 1711E V5,30160-36,41,nan
UFMX 1711E V5,30160-36,42,nan
UFMX 1711E V5,30160-86,10,950
UFMX 1711E V5,30160-86,20,990
UFMX 1711E V5,30160-86,30,1020
UFMX 1711E V5,30160-86,40,1050
UFMX 1711E V5,30160-86,50,1100
UFMX 1711E V5,30160-86,60,1150
UFMX 1711E V5,30160-86,70,1200
UFMX 1711E V5,30160-86,F,1800.0
UFMX 1711E V5,30160-86,I,1950.0
UFMX 1711E V5,30160-86,41,nan
UFMX 1711E V5,30160-86,42,nan
UFMX 1711E V5,30160-87,10,950
UFMX 1711E V5,30160-87,20,990
UFMX 1711E V5,30160-87,30,1020
UFMX 1711E V5,30160-87,40,1050
UFMX 1711E V5,30160-87,50,1100
UFMX 1711E V5,30160-87,60,1150
UFMX 1711E V5,30160-87,70,1200
UFMX 1711E V5,30160-87,F,1800.0
UFMX 1711E V5,30160-87,I,1950.0
UFMX 1711E V5,30160-87,41,nan
UFMX 1711E V5,30160-87,42,nan
UFMX 1711E V5,30160-92,10,850
UFMX 1711E V5,30160-92,20,890
UFMX 1711E V5,30160-92,30,920
UFMX 1711E V5,30160-92,40,950
UFMX 1711E V5,30160-92,50,1000
UFMX 1711E V5,30160-92,60,1050
UFMX 1711E V5,30160-92,70,1100
UFMX 1711E V5,30160-92,F,1700.0
UFMX 1711E V5,30160-92,I,1850.0
UFMX 1711E V5,30160-92,41,nan
UFMX 1711E V5,30160-92,42,nan
UFMX 1711E V5,30160-94,10,300
UFMX 1711E V5,30160-94,20,320
UFMX 1711E V5,30160-94,30,335
UFMX 1711E V5,30160-94,40,355
UFMX 1711E V5,30160-94,50,375
UFMX 1711E V5,30160-94,60,395
UFMX 1711E V5,30160-94,70,415
UFMX 1711E V5,30160-94,F,575.0
UFMX 1711E V5,30160-94,I,635.0
UFMX 1711E V5,30160-94,41,nan
UFMX 1711E V5,30160-94,42,nan
UFMX 1711E V4,37159-SC,100,825.0
UFMX 1711E V4,37159-SC,200,865.0
UFMX 1711E V4,37159-SC,300,915.0
UFMX 1711E V4,37159-SC,400,960.0
UFMX 1711E V4,37159-SC,500,1005.0
UFMX 1711E V4,37159-SC,600,1050.0
UFMX 1711E V4,37159-SC,700,1095.0
UFMX 1711E V4,37159-SC,800,1145.0
UFMX 1711E V4,37159-SC,M,1500.0
UFMX 1711E V4,37159-SS,100,725.0
UFMX 1711E V4,37159-SS,200,765.0
UFMX 1711E V4,37159-SS,300,815.0
UFMX 1711E V4,37159-SS,400,860.0
UFMX 1711E V4,37159-SS,500,905.0
UFMX 1711E V4,37159-SS,600,950.0
UFMX 1711E V4,37159-SS,700,995.0
UFMX 1711E V4,37159-SS,800,1045.0
UFMX 1711E V4,37159-SS,M,1400.0
UFMX 1711E V4,37159-DC,100,975.0
UFMX 1711E V4,37159-DC,200,1015.0
UFMX 1711E V4,37159-DC,300,1065.0
UFMX 1711E V4,37159-DC,400,1110.0
UFMX 1711E V4,37159-DC,500,1155.0
UFMX 1711E V4,37159-DC,600,1200.0
UFMX 1711E V4,37159-DC,700,1245.0
UFMX 1711E V4,37159-DC,800,1295.0
UFMX 1711E V4,37159-DC,M,1650.0
UFMX 1711E V4,37159-DS,100,825.0
UFMX 1711E V4,37159-DS,200,865.0
UFMX 1711E V4,37159-DS,300,915.0
UFMX 1711E V4,37159-DS,400,960.0
UFMX 1711E V4,37159-DS,500,1005.0
UFMX 1711E V4,37159-DS,600,1050.0
UFMX 1711E V4,37159-DS,700,1095.0
UFMX 1711E V4,37159-DS,800,1145.0
UFMX 1711E V4,37159-DS,M,1500.0
UFMX 1711E V4,37159-DR,100,700.0
UFMX 1711E V4,37159-DR,200,740.0
UFMX 1711E V4,37159-DR,300,790.0
UFMX 1711E V4,37159-DR,400,835.0
UFMX 1711E V4,37159-DR,500,880.0
UFMX 1711E V4,37159-DR,600,925.0
UFMX 1711E V4,37159-DR,700,970.0
UFMX 1711E V4,37159-DR,800,1020.0
UFMX 1711E V4,37159-DR,M,1375.0
UFMX 1711E V4,37159-DL,100,700.0
UFMX 1711E V4,37159-DL,200,740.0
UFMX 1711E V4,37159-DL,300,790.0
UFMX 1711E V4,37159-DL,400,835.0
UFMX 1711E V4,37159-DL,500,880.0
UFMX 1711E V4,37159-DL,600,925.0
UFMX 1711E V4,37159-DL,700,970.0
UFMX 1711E V4,37159-DL,800,1020.0
UFMX 1711E V4,37159-DL,M,1375.0
UFMX 1711E V4,37159-DA,100,675.0
UFMX 1711E V4,37159-DA,200,715.0
UFMX 1711E V4,37159-DA,300,765.0
UFMX 1711E V4,37159-DA,400,810.0
UFMX 1711E V4,37159-DA,500,855.0
UFMX 1711E V4,37159-DA,600,900.0
UFMX 1711E V4,37159-DA,700,945.0
UFMX 1711E V4,37159-DA,800,995.0
UFMX 1711E V4,37159-DA,M,1350.0
UFMX 1711E V4,37159-QC,100,1025.0
UFMX 1711E V4,37159-QC,200,1065.0
UFMX 1711E V4,37159-QC,300,1115.0
UFMX 1711E V4,37159-QC,400,1160.0
UFMX 1711E V4,37159-QC,500,1205.0
UFMX 1711E V4,37159-QC,600,1250.0
UFMX 1711E V4,37159-QC,700,1295.0
UFMX 1711E V4,37159-QC,800,1345.0
UFMX 1711E V4,37159-QC,M,1700.0
UFMX 1711E V4,37159-QS,100,875.0
UFMX 1711E V4,37159-QS,200,915.0
UFMX 1711E V4,37159-QS,300,965.0
UFMX 1711E V4,37159-QS,400,1010.0
UFMX 1711E V4,37159-QS,500,1055.0
UFMX 1711E V4,37159-QS,600,1100.0
UFMX 1711E V4,37159-QS,700,1145.0
UFMX 1711E V4,37159-QS,800,1195.0
UFMX 1711E V4,37159-QS,M,1550.0
UFMX 1711E V4,37159-QR,100,725.0
UFMX 1711E V4,37159-QR,200,765.0
UFMX 1711E V4,37159-QR,300,815.0
UFMX 1711E V4,37159-QR,400,860.0
UFMX 1711E V4,37159-QR,500,905.0
UFMX 1711E V4,37159-QR,600,950.0
UFMX 1711E V4,37159-QR,700,995.0
UFMX 1711E V4,37159-QR,800,1045.0
UFMX 1711E V4,37159-QR,M,1400.0
UFMX 1711E V4,37159-QL,100,725.0
UFMX 1711E V4,37159-QL,200,765.0
UFMX 1711E V4,37159-QL,300,815.0
UFMX 1711E V4,37159-QL,400,860.0
UFMX 1711E V4,37159-QL,500,905.0
UFMX 1711E V4,37159-QL,600,950.0
UFMX 1711E V4,37159-QL,700,995.0
UFMX 1711E V4,37159-QL,800,1045.0
UFMX 1711E V4,37159-QL,M,1400.0
UFMX 1711E V4,37159-QA,100,700.0
UFMX 1711E V4,37159-QA,200,740.0
UFMX 1711E V4,37159-QA,300,790.0
UFMX 1711E V4,37159-QA,400,835.0
UFMX 1711E V4,37159-QA,500,880.0
UFMX 1711E V4,37159-QA,600,925.0
UFMX 1711E V4,37159-QA,700,970.0
UFMX 1711E V4,37159-QA,800,1020.0
UFMX 1711E V4,37159-QA,M,1375.0
UFMX 1711E V4,37159-01,100,1500.0
UFMX 1711E V4,37159-01,200,1540.0
UFMX 1711E V4,37159-01,300,1590.0
UFMX 1711E V4,37159-01,400,1635.0
UFMX 1711E V4,37159-01,500,1680.0
UFMX 1711E V4,37159-01,600,1725.0
UFMX 1711E V4,37159-01,700,1770.0
UFMX 1711E V4,37159-01,800,1820.0
UFMX 1711E V4,37159-01,M,2310.0
UFMX 1711E V4,37159-02,100,800.0
UFMX 1711E V4,37159-02,200,840.0
UFMX 1711E V4,37159-02,300,890.0
UFMX 1711E V4,37159-02,400,935.0
UFMX 1711E V4,37159-02,500,980.0
UFMX 1711E V4,37159-02,600,1025.0
UFMX 1711E V4,37159-02,700,1070.0
UFMX 1711E V4,37159-02,800,1120.0
UFMX 1711E V4,37159-02,M,1475.0
UFMX 1711E V4,37159-03,100,1375.0
UFMX 1711E V4,37159-03,200,1415.0
UFMX 1711E V4,37159-03,300,1465.0
UFMX 1711E V4,37159-03,400,1510.0
UFMX 1711E V4,37159-03,500,1555.0
UFMX 1711E V4,37159-03,600,1600.0
UFMX 1711E V4,37159-03,700,1645.0
UFMX 1711E V4,37159-03,800,1695.0
UFMX 1711E V4,37159-03,M,2050.0
UFMX 1711E V4,37159-07,100,1275.0
UFMX 1711E V4,37159-07,200,1315.0
UFMX 1711E V4,37159-07,300,1365.0
UFMX 1711E V4,37159-07,400,1410.0
UFMX 1711E V4,37159-07,500,1455.0
UFMX 1711E V4,37159-07,600,1500.0
UFMX 1711E V4,37159-07,700,1545.0
UFMX 1711E V4,37159-07,800,1595.0
UFMX 1711E V4,37159-07,M,1950.0
UFMX 1711E V4,37159-08,100,1275.0
UFMX 1711E V4,37159-08,200,1315.0
UFMX 1711E V4,37159-08,300,1365.0
UFMX 1711E V4,37159-08,400,1410.0
UFMX 1711E V4,37159-08,500,1455.0
UFMX 1711E V4,37159-08,600,1500.0
UFMX 1711E V4,37159-08,700,1545.0
UFMX 1711E V4,37159-08,800,1595.0
UFMX 1711E V4,37159-08,M,1950.0
UFMX 1711E V4,37159-09,100,700.0
UFMX 1711E V4,37159-09,200,740.0
UFMX 1711E V4,37159-09,300,790.0
UFMX 1711E V4,37159-09,400,835.0
UFMX 1711E V4,37159-09,500,880.0
UFMX 1711E V4,37159-09,600,925.0
UFMX 1711E V4,37159-09,700,970.0
UFMX 1711E V4,37159-09,800,1000.0
UFMX 1711E V4,37159-09,M,1150.0
UFMX 1711E V4,37159-10,100,675.0
UFMX 1711E V4,37159-10,200,715.0
UFMX 1711E V4,37159-10,300,765.0
UFMX 1711E V4,37159-10,400,810.0
UFMX 1711E V4,37159-10,500,855.0
UFMX 1711E V4,37159-10,600,900.0
UFMX 1711E V4,37159-10,700,945.0
UFMX 1711E V4,37159-10,800,975.0
UFMX 1711E V4,37159-10,M,1125.0
UFMX 1711E V4,37159-11,100,725.0
UFMX 1711E V4,37159-11,200,765.0
UFMX 1711E V4,37159-11,300,815.0
UFMX 1711E V4,37159-11,400,860.0
UFMX 1711E V4,37159-11,500,905.0
UFMX 1711E V4,37159-11,600,950.0
UFMX 1711E V4,37159-11,700,995.0
UFMX 1711E V4,37159-11,800,1025.0
UFMX 1711E V4,37159-11,M,1175.0
UFMX 1711E V4,37159-12,100,725.0
UFMX 1711E V4,37159-12,200,765.0
UFMX 1711E V4,37159-12,300,815.0
UFMX 1711E V4,37159-12,400,860.0
UFMX 1711E V4,37159-12,500,905.0
UFMX 1711E V4,37159-12,600,950.0
UFMX 1711E V4,37159-12,700,995.0
UFMX 1711E V4,37159-12,800,1025.0
UFMX 1711E V4,37159-12,M,1175.0
UFMX 1711E V4,37159-14,100,1200.0
UFMX 1711E V4,37159-14,200,1240.0
UFMX 1711E V4,37159-14,300,1290.0
UFMX 1711E V4,37159-14,400,1335.0
UFMX 1711E V4,37159-14,500,1380.0
UFMX 1711E V4,37159-14,600,1425.0
UFMX 1711E V4,37159-14,700,1470.0
UFMX 1711E V4,37159-14,800,1520.0
UFMX 1711E V4,37159-14,M,1875.0
UFMX 1711E V4,37159-15,100,950.0
UFMX 1711E V4,37159-15,200,990.0
UFMX 1711E V4,37159-15,300,1040.0
UFMX 1711E V4,37159-15,400,1085.0
UFMX 1711E V4,37159-15,500,1130.0
UFMX 1711E V4,37159-15,600,1175.0
UFMX 1711E V4,37159-15,700,1220.0
UFMX 1711E V4,37159-15,800,1270.0
UFMX 1711E V4,37159-15,M,1625.0
UFMX 1711E V4,37159-16,100,950.0
UFMX 1711E V4,37159-16,200,990.0
UFMX 1711E V4,37159-16,300,1040.0
UFMX 1711E V4,37159-16,400,1085.0
UFMX 1711E V4,37159-16,500,1130.0
UFMX 1711E V4,37159-16,600,1175.0
UFMX 1711E V4,37159-16,700,1220.0
UFMX 1711E V4,37159-16,800,1270.0
UFMX 1711E V4,37159-16,M,1625.0
UFMX 1711E V4,37159-17,100,1050.0
UFMX 1711E V4,37159-17,200,1090.0
UFMX 1711E V4,37159-17,300,1140.0
UFMX 1711E V4,37159-17,400,1185.0
UFMX 1711E V4,37159-17,500,1230.0
UFMX 1711E V4,37159-17,600,1275.0
UFMX 1711E V4,37159-17,700,1320.0
UFMX 1711E V4,37159-17,800,1370.0
UFMX 1711E V4,37159-17,M,1725.0
UFMX 1711E V4,37159-18,100,1050.0
UFMX 1711E V4,37159-18,200,1090.0
UFMX 1711E V4,37159-18,300,1140.0
UFMX 1711E V4,37159-18,400,1185.0
UFMX 1711E V4,37159-18,500,1230.0
UFMX 1711E V4,37159-18,600,1275.0
UFMX 1711E V4,37159-18,700,1320.0
UFMX 1711E V4,37159-18,800,1370.0
UFMX 1711E V4,37159-18,M,1725.0
UFMX 1711E V4,37159-35,100,950.0
UFMX 1711E V4,37159-35,200,990.0
UFMX 1711E V4,37159-35,300,1040.0
UFMX 1711E V4,37159-35,400,1085.0
UFMX 1711E V4,37159-35,500,1130.0
UFMX 1711E V4,37159-35,600,1175.0
UFMX 1711E V4,37159-35,700,1220.0
UFMX 1711E V4,37159-35,800,1270.0
UFMX 1711E V4,37159-35,M,1625.0
UFMX 1711E V4,37159-36,100,950.0
UFMX 1711E V4,37159-36,200,990.0
UFMX 1711E V4,37159-36,300,1040.0
UFMX 1711E V4,37159-36,400,1085.0
UFMX 1711E V4,37159-36,500,1130.0
UFMX 1711E V4,37159-36,600,1175.0
UFMX 1711E V4,37159-36,700,1220.0
UFMX 1711E V4,37159-36,800,1270.0
UFMX 1711E V4,37159-36,M,1625.0
UFMX 1711E V4,37159-86,100,1400.0
UFMX 1711E V4,37159-86,200,1440.0
UFMX 1711E V4,37159-86,300,1490.0
UFMX 1711E V4,37159-86,400,1535.0
UFMX 1711E V4,37159-86,500,1580.0
UFMX 1711E V4,37159-86,600,1625.0
UFMX 1711E V4,37159-86,700,1670.0
UFMX 1711E V4,37159-86,800,1720.0
UFMX 1711E V4,37159-86,M,2075.0
UFMX 1711E V4,37159-87,100,1400.0
UFMX 1711E V4,37159-87,200,1440.0
UFMX 1711E V4,37159-87,300,1490.0
UFMX 1711E V4,37159-87,400,1535.0
UFMX 1711E V4,37159-87,500,1580.0
UFMX 1711E V4,37159-87,600,1625.0
UFMX 1711E V4,37159-87,700,1670.0
UFMX 1711E V4,37159-87,800,1720.0
UFMX 1711E V4,37159-87,M,2075.0
UFMX 1711E V4,37159-92,100,1300.0
UFMX 1711E V4,37159-92,200,1340.0
UFMX 1711E V4,37159-92,300,1390.0
UFMX 1711E V4,37159-92,400,1435.0
UFMX 1711E V4,37159-92,500,1480.0
UFMX 1711E V4,37159-92,600,1525.0
UFMX 1711E V4,37159-92,700,1570.0
UFMX 1711E V4,37159-92,800,1620.0
UFMX 1711E V4,37159-92,M,1975.0
UFMX 1711E V4,37159-94,100,450.0
UFMX 1711E V4,37159-94,200,470.0
UFMX 1711E V4,37159-94,300,485.0
UFMX 1711E V4,37159-94,400,500.0
UFMX 1711E V4,37159-94,500,510.0
UFMX 1711E V4,37159-94,600,520.0
UFMX 1711E V4,37159-94,700,530.0
UFMX 1711E V4,37159-94,800,540.0
UFMX 1711E V4,37159-94,M,670.0
UFMX 1711E V4,37160-SC,100,825.0
UFMX 1711E V4,37160-SC,200,865.0
UFMX 1711E V4,37160-SC,300,915.0
UFMX 1711E V4,37160-SC,400,960.0
UFMX 1711E V4,37160-SC,500,1005.0
UFMX 1711E V4,37160-SC,600,1050.0
UFMX 1711E V4,37160-SC,700,1095.0
UFMX 1711E V4,37160-SC,800,1145.0
UFMX 1711E V4,37160-SC,M,1500.0
UFMX 1711E V4,37160-SS,100,725.0
UFMX 1711E V4,37160-SS,200,765.0
UFMX 1711E V4,37160-SS,300,815.0
UFMX 1711E V4,37160-SS,400,860.0
UFMX 1711E V4,37160-SS,500,905.0
UFMX 1711E V4,37160-SS,600,950.0
UFMX 1711E V4,37160-SS,700,995.0
UFMX 1711E V4,37160-SS,800,1045.0
UFMX 1711E V4,37160-SS,M,1400.0
UFMX 1711E V4,37160-DC,100,975.0
UFMX 1711E V4,37160-DC,200,1015.0
UFMX 1711E V4,37160-DC,300,1065.0
UFMX 1711E V4,37160-DC,400,1110.0
UFMX 1711E V4,37160-DC,500,1155.0
UFMX 1711E V4,37160-DC,600,1200.0
UFMX 1711E V4,37160-DC,700,1245.0
UFMX 1711E V4,37160-DC,800,1295.0
UFMX 1711E V4,37160-DC,M,1650.0
UFMX 1711E V4,37160-DS,100,825.0
UFMX 1711E V4,37160-DS,200,865.0
UFMX 1711E V4,37160-DS,300,915.0
UFMX 1711E V4,37160-DS,400,960.0
UFMX 1711E V4,37160-DS,500,1005.0
UFMX 1711E V4,37160-DS,600,1050.0
UFMX 1711E V4,37160-DS,700,1095.0
UFMX 1711E V4,37160-DS,800,1145.0
UFMX 1711E V4,37160-DS,M,1500.0
UFMX 1711E V4,37160-DR,100,700.0
UFMX 1711E V4,37160-DR,200,740.0
UFMX 1711E V4,37160-DR,300,790.0
UFMX 1711E V4,37160-DR,400,835.0
UFMX 1711E V4,37160-DR,500,880.0
UFMX 1711E V4,37160-DR,600,925.0
UFMX 1711E V4,37160-DR,700,970.0
UFMX 1711E V4,37160-DR,800,1020.0
UFMX 1711E V4,37160-DR,M,1375.0
UFMX 1711E V4,37160-DL,100,700.0
UFMX 1711E V4,37160-DL,200,740.0
UFMX 1711E V4,37160-DL,300,790.0
UFMX 1711E V4,37160-DL,400,835.0
UFMX 1711E V4,37160-DL,500,880.0
UFMX 1711E V4,37160-DL,600,925.0
UFMX 1711E V4,37160-DL,700,970.0
UFMX 1711E V4,37160-DL,800,1020.0
UFMX 1711E V4,37160-DL,M,1375.0
UFMX 1711E V4,37160-DA,100,675.0
UFMX 1711E V4,37160-DA,200,715.0
UFMX 1711E V4,37160-DA,300,765.0
UFMX 1711E V4,37160-DA,400,810.0
UFMX 1711E V4,37160-DA,500,855.0
UFMX 1711E V4,37160-DA,600,900.0
UFMX 1711E V4,37160-DA,700,945.0
UFMX 1711E V4,37160-DA,800,995.0
UFMX 1711E V4,37160-DA,M,1350.0
UFMX 1711E V4,37160-QC,100,1025.0
UFMX 1711E V4,37160-QC,200,1065.0
UFMX 1711E V4,37160-QC,300,1115.0
UFMX 1711E V4,37160-QC,400,1160.0
UFMX 1711E V4,37160-QC,500,1205.0
UFMX 1711E V4,37160-QC,600,1250.0
UFMX 1711E V4,37160-QC,700,1295.0
UFMX 1711E V4,37160-QC,800,1345.0
UFMX 1711E V4,37160-QC,M,1700.0
UFMX 1711E V4,37160-QS,100,875.0
UFMX 1711E V4,37160-QS,200,915.0
UFMX 1711E V4,37160-QS,300,965.0
UFMX 1711E V4,37160-QS,400,1010.0
UFMX 1711E V4,37160-QS,500,1055.0
UFMX 1711E V4,37160-QS,600,1100.0
UFMX 1711E V4,37160-QS,700,1145.0
UFMX 1711E V4,37160-QS,800,1195.0
UFMX 1711E V4,37160-QS,M,1550.0
UFMX 1711E V4,37160-QR,100,725.0
UFMX 1711E V4,37160-QR,200,765.0
UFMX 1711E V4,37160-QR,300,815.0
UFMX 1711E V4,37160-QR,400,860.0
UFMX 1711E V4,37160-QR,500,905.0
UFMX 1711E V4,37160-QR,600,950.0
UFMX 1711E V4,37160-QR,700,995.0
UFMX 1711E V4,37160-QR,800,1045.0
UFMX 1711E V4,37160-QR,M,1400.0
UFMX 1711E V4,37160-QL,100,725.0
UFMX 1711E V4,37160-QL,200,765.0
UFMX 1711E V4,37160-QL,300,815.0
UFMX 1711E V4,37160-QL,400,860.0
UFMX 1711E V4,37160-QL,500,905.0
UFMX 1711E V4,37160-QL,600,950.0
UFMX 1711E V4,37160-QL,700,995.0
UFMX 1711E V4,37160-QL,800,1045.0
UFMX 1711E V4,37160-QL,M,1400.0
UFMX 1711E V4,37160-QA,100,700.0
UFMX 1711E V4,37160-QA,200,740.0
UFMX 1711E V4,37160-QA,300,790.0
UFMX 1711E V4,37160-QA,400,835.0
UFMX 1711E V4,37160-QA,500,880.0
UFMX 1711E V4,37160-QA,600,925.0
UFMX 1711E V4,37160-QA,700,970.0
UFMX 1711E V4,37160-QA,800,1020.0
UFMX 1711E V4,37160-QA,M,1375.0
UFMX 1711E V4,37160-01,100,1500.0
UFMX 1711E V4,37160-01,200,1540.0
UFMX 1711E V4,37160-01,300,1590.0
UFMX 1711E V4,37160-01,400,1635.0
UFMX 1711E V4,37160-01,500,1680.0
UFMX 1711E V4,37160-01,600,1725.0
UFMX 1711E V4,37160-01,700,1770.0
UFMX 1711E V4,37160-01,800,1820.0
UFMX 1711E V4,37160-01,M,2310.0
UFMX 1711E V4,37160-02,100,800.0
UFMX 1711E V4,37160-02,200,840.0
UFMX 1711E V4,37160-02,300,890.0
UFMX 1711E V4,37160-02,400,935.0
UFMX 1711E V4,37160-02,500,980.0
UFMX 1711E V4,37160-02,600,1025.0
UFMX 1711E V4,37160-02,700,1070.0
UFMX 1711E V4,37160-02,800,1120.0
UFMX 1711E V4,37160-02,M,1475.0
UFMX 1711E V4,37160-03,100,1375.0
UFMX 1711E V4,37160-03,200,1415.0
UFMX 1711E V4,37160-03,300,1465.0
UFMX 1711E V4,37160-03,400,1510.0
UFMX 1711E V4,37160-03,500,1555.0
UFMX 1711E V4,37160-03,600,1600.0
UFMX 1711E V4,37160-03,700,1645.0
UFMX 1711E V4,37160-03,800,1695.0
UFMX 1711E V4,37160-03,M,2050.0
UFMX 1711E V4,37160-07,100,1275.0
UFMX 1711E V4,37160-07,200,1315.0
UFMX 1711E V4,37160-07,300,1365.0
UFMX 1711E V4,37160-07,400,1410.0
UFMX 1711E V4,37160-07,500,1455.0
UFMX 1711E V4,37160-07,600,1500.0
UFMX 1711E V4,37160-07,700,1545.0
UFMX 1711E V4,37160-07,800,1595.0
UFMX 1711E V4,37160-07,M,1950.0
UFMX 1711E V4,37160-08,100,1275.0
UFMX 1711E V4,37160-08,200,1315.0
UFMX 1711E V4,37160-08,300,1365.0
UFMX 1711E V4,37160-08,400,1410.0
UFMX 1711E V4,37160-08,500,1455.0
UFMX 1711E V4,37160-08,600,1500.0
UFMX 1711E V4,37160-08,700,1545.0
UFMX 1711E V4,37160-08,800,1595.0
UFMX 1711E V4,37160-08,M,1950.0
UFMX 1711E V4,37160-09,100,700.0
UFMX 1711E V4,37160-09,200,740.0
UFMX 1711E V4,37160-09,300,790.0
UFMX 1711E V4,37160-09,400,835.0
UFMX 1711E V4,37160-09,500,880.0
UFMX 1711E V4,37160-09,600,925.0
UFMX 1711E V4,37160-09,700,970.0
UFMX 1711E V4,37160-09,800,1000.0
UFMX 1711E V4,37160-09,M,1150.0
UFMX 1711E V4,37160-10,100,675.0
UFMX 1711E V4,37160-10,200,715.0
UFMX 1711E V4,37160-10,300,765.0
UFMX 1711E V4,37160-10,400,810.0
UFMX 1711E V4,37160-10,500,855.0
UFMX 1711E V4,37160-10,600,900.0
UFMX 1711E V4,37160-10,700,945.0
UFMX 1711E V4,37160-10,800,975.0
UFMX 1711E V4,37160-10,M,1125.0
UFMX 1711E V4,37160-11,100,725.0
UFMX 1711E V4,37160-11,200,765.0
UFMX 1711E V4,37160-11,300,815.0
UFMX 1711E V4,37160-11,400,860.0
UFMX 1711E V4,37160-11,500,905.0
UFMX 1711E V4,37160-11,600,950.0
UFMX 1711E V4,37160-11,700,995.0
UFMX 1711E V4,37160-11,800,1025.0
UFMX 1711E V4,37160-11,M,1175.0
UFMX 1711E V4,37160-12,100,725.0
UFMX 1711E V4,37160-12,200,765.0
UFMX 1711E V4,37160-12,300,815.0
UFMX 1711E V4,37160-12,400,860.0
UFMX 1711E V4,37160-12,500,905.0
UFMX 1711E V4,37160-12,600,950.0
UFMX 1711E V4,37160-12,700,995.0
UFMX 1711E V4,37160-12,800,1025.0
UFMX 1711E V4,37160-12,M,1175.0
UFMX 1711E V4,37160-14,100,1200.0
UFMX 1711E V4,37160-14,200,1240.0
UFMX 1711E V4,37160-14,300,1290.0
UFMX 1711E V4,37160-14,400,1335.0
UFMX 1711E V4,37160-14,500,1380.0
UFMX 1711E V4,37160-14,600,1425.0
UFMX 1711E V4,37160-14,700,1470.0
UFMX 1711E V4,37160-14,800,1520.0
UFMX 1711E V4,37160-14,M,1875.0
UFMX 1711E V4,37160-15,100,950.0
UFMX 1711E V4,37160-15,200,990.0
UFMX 1711E V4,37160-15,300,1040.0
UFMX 1711E V4,37160-15,400,1085.0
UFMX 1711E V4,37160-15,500,1130.0
UFMX 1711E V4,37160-15,600,1175.0
UFMX 1711E V4,37160-15,700,1220.0
UFMX 1711E V4,37160-15,800,1270.0
UFMX 1711E V4,37160-15,M,1625.0
UFMX 1711E V4,37160-16,100,950.0
UFMX 1711E V4,37160-16,200,990.0
UFMX 1711E V4,37160-16,300,1040.0
UFMX 1711E V4,37160-16,400,1085.0
UFMX 1711E V4,37160-16,500,1130.0
UFMX 1711E V4,37160-16,600,1175.0
UFMX 1711E V4,37160-16,700,1220.0
UFMX 1711E V4,37160-16,800,1270.0
UFMX 1711E V4,37160-16,M,1625.0
UFMX 1711E V4,37160-17,100,1050.0
UFMX 1711E V4,37160-17,200,1090.0
UFMX 1711E V4,37160-17,300,1140.0
UFMX 1711E V4,37160-17,400,1185.0
UFMX 1711E V4,37160-17,500,1230.0
UFMX 1711E V4,37160-17,600,1275.0
UFMX 1711E V4,37160-17,700,1320.0
UFMX 1711E V4,37160-17,800,1370.0
UFMX 1711E V4,37160-17,M,1725.0
UFMX 1711E V4,37160-18,100,1050.0
UFMX 1711E V4,37160-18,200,1090.0
UFMX 1711E V4,37160-18,300,1140.0
UFMX 1711E V4,37160-18,400,1185.0
UFMX 1711E V4,37160-18,500,1230.0
UFMX 1711E V4,37160-18,600,1275.0
UFMX 1711E V4,37160-18,700,1320.0
UFMX 1711E V4,37160-18,800,1370.0
UFMX 1711E V4,37160-18,M,1725.0
UFMX 1711E V4,37160-35,100,950.0
UFMX 1711E V4,37160-35,200,990.0
UFMX 1711E V4,37160-35,300,1040.0
UFMX 1711E V4,37160-35,400,1085.0
UFMX 1711E V4,37160-35,500,1130.0
UFMX 1711E V4,37160-35,600,1175.0
UFMX 1711E V4,37160-35,700,1220.0
UFMX 1711E V4,37160-35,800,1270.0
UFMX 1711E V4,37160-35,M,1625.0
UFMX 1711E V4,37160-36,100,950.0
UFMX 1711E V4,37160-36,200,990.0
UFMX 1711E V4,37160-36,300,1040.0
UFMX 1711E V4,37160-36,400,1085.0
UFMX 1711E V4,37160-36,500,1130.0
UFMX 1711E V4,37160-36,600,1175.0
UFMX 1711E V4,37160-36,700,1220.0
UFMX 1711E V4,37160-36,800,1270.0
UFMX 1711E V4,37160-36,M,1625.0
UFMX 1711E V4,37160-86,100,1400.0
UFMX 1711E V4,37160-86,200,1440.0
UFMX 1711E V4,37160-86,300,1490.0
UFMX 1711E V4,37160-86,400,1535.0
UFMX 1711E V4,37160-86,500,1580.0
UFMX 1711E V4,37160-86,600,1625.0
UFMX 1711E V4,37160-86,700,1670.0
UFMX 1711E V4,37160-86,800,1720.0
UFMX 1711E V4,37160-86,M,2075.0
UFMX 1711E V4,37160-87,100,1400.0
UFMX 1711E V4,37160-87,200,1440.0
UFMX 1711E V4,37160-87,300,1490.0
UFMX 1711E V4,37160-87,400,1535.0
UFMX 1711E V4,37160-87,500,1580.0
UFMX 1711E V4,37160-87,600,1625.0
UFMX 1711E V4,37160-87,700,1670.0
UFMX 1711E V4,37160-87,800,1720.0
UFMX 1711E V4,37160-87,M,2075.0
UFMX 1711E V4,37160-92,100,1300.0
UFMX 1711E V4,37160-92,200,1340.0
UFMX 1711E V4,37160-92,300,1390.0
UFMX 1711E V4,37160-92,400,1435.0
UFMX 1711E V4,37160-92,500,1480.0
UFMX 1711E V4,37160-92,600,1525.0
UFMX 1711E V4,37160-92,700,1570.0
UFMX 1711E V4,37160-92,800,1620.0
UFMX 1711E V4,37160-92,M,1975.0
UFMX 1711E V4,37160-94,100,450.0
UFMX 1711E V4,37160-94,200,470.0
UFMX 1711E V4,37160-94,300,485.0
UFMX 1711E V4,37160-94,400,500.0
UFMX 1711E V4,37160-94,500,510.0
UFMX 1711E V4,37160-94,600,520.0
UFMX 1711E V4,37160-94,700,530.0
UFMX 1711E V4,37160-94,800,540.0
UFMX 1711E V4,37160-94,M,670.0
